"PK_INTRW_BLDG_ID","CK_SiteID","Building Management","Vacancy Percent","Vacancy Percent_notes","Problems or Complaints: Tenant Comfort","Problems or Complaints: HVAC System","Problems or Complaints: Lighting Control","Problems or Complaints: Lighting","Problems or Complaints: Mold or Mildew","Problems or Complaints: Windows","Problems or Complaints: Describe Problems","Domestic Water Lead Pump Has VFD","Domestic Water Boost Pump","Domestic Water Pump Qty","Domestic Water Pump Qty_notes","Domestic Water Total Motor HP","Domestic Water Total Motor HP_notes","Domestic Water Pressure Setpoint","Domestic Water Pressure Setpoint_notes"
"BldgIntrvw_00000019","BLDG_00094","Tenant manager",,"Unknown","Unknown","Unknown","Unknown","Unknown","Unknown","Unknown","Unknown","No","No",0,,0.0000,,0.0000,
"BldgIntrvw_00000028","BLDG_00095","Property management firm",,"Unknown","Unknown","Unknown","Unknown","Unknown","Unknown","Unknown","Unknown","Unknown","Unknown",0,,0.0000,,0.0000,
"BldgIntrvw_00000123","BLDG_00096","Unknown",,"Unknown","Unknown","Unknown","Unknown","Unknown","Unknown","Unknown","Unknown","Unknown","Unknown",0,,0.0000,,0.0000,
"BldgIntrvw_00000316","BLDG_00097","Unknown",0.0000,,"Unknown","Unknown","Unknown","Unknown","Unknown","Unknown","Unknown","Unknown","No",,"Unknown",,"Unknown",,"Unknown"
"BldgIntrvw_00000324","BLDG_00099","Property management firm",0.0800,,"Yes","No","No","No","No","No","When it's hot ac might not cool enough","Unknown","No",,"Unknown",,"Unknown",,"Unknown"
"BldgIntrvw_00000016","BLDG_00102","Unknown",,"Unknown","Unknown","Unknown","Unknown","Unknown","Unknown","Unknown","Unknown","Unknown","Unknown",,"Unknown",,"Unknown",,"Unknown"
"BldgIntrvw_00000078","BLDG_00105","Property management firm",,"Unknown","Unknown","Unknown","Unknown","Unknown","Unknown","Unknown","Unknown","Unknown","Unknown",0,,0.0000,,0.0000,
"BldgIntrvw_00000057","BLDG_00106","Tenant manager",0.0500,,"No","No","Yes","Yes","No","No","Hud compliant mostly lighting. Old in efficient security lights throughout","No","No",0,,0.0000,,0.0000,
"BldgIntrvw_00000105","BLDG_00107","Unknown",0.0000,,"Unknown","Unknown","Unknown","Unknown","Unknown","Unknown","Unknown","N/A","No",0,,0.0000,,0.0000,
"BldgIntrvw_00000111","BLDG_00108","Unknown",0.0000,,"Unknown","Unknown","Unknown","Unknown","Unknown","Unknown","Unknown","N/A","No",0,,0.0000,,0.0000,
"BldgIntrvw_00000367","BLDG_00240","Tenant manager",0.0000,,"Unknown","Unknown","Unknown","Unknown","Unknown","Unknown","Unknown","N/A","No",0,,0.0000,,0.0000,
"BldgIntrvw_00000124","BLDG_00242","Unknown",0.0900,,"Unknown","Unknown","Unknown","Unknown","Unknown","Unknown","Unknown","No","Unknown",0,,0.0000,,0.0000,
"BldgIntrvw_00000348","BLDG_00246","Tenant manager",,"Unknown","No","No","No","No","No","No","N/A","No","No",0,,0.0000,,0.0000,
"BldgIntrvw_00000369","BLDG_00428","Property management firm",0.0000,,"No","No","No","No","No","No","Some water issues not in the same area","No","No",,"Unknown",,"Unknown",,"Unknown"
"BldgIntrvw_00000291","BLDG_00382","Property management firm",0.1300,,"No","No","No","No","No","No","N/A","N/A","No",,"Unknown",,"Unknown",,"Unknown"
"BldgIntrvw_00000343","BLDG_00384","Unknown",,"Unknown","Unknown","Unknown","Unknown","Unknown","Unknown","Unknown","Unknown","No","No",0,,0.0000,,0.0000,
"BldgIntrvw_00000435","BLDG_00385","Unknown",0.0000,,"No","No","No","No","No","No","N/A","No","No",0,,0.0000,,0.0000,
"BldgIntrvw_00000083","BLDG_00386","Unknown",,"Unknown","Unknown","Unknown","Unknown","Unknown","Unknown","Unknown","Unknown","Unknown","Unknown",,"Unknown",,"Unknown",,"Unknown"
"BldgIntrvw_00000005","BLDG_00389","Unknown",,"Unknown","Unknown","Unknown","Unknown","Unknown","Unknown","Unknown","Unknown","Unknown","No",0,,,"Unknown",,"Unknown"
"BldgIntrvw_00000046","BLDG_00392","Unknown",,"Unknown","Unknown","Unknown","Unknown","Unknown","Unknown","Unknown","Unknown","N/A","No",0,,0.0000,,,"Unknown"
"BldgIntrvw_00000138","BLDG_00394","Unknown",,"Unknown","Unknown","Unknown","Unknown","Unknown","Unknown","Unknown","Unknown","No","No",0,,0.0000,,0.0000,
"BldgIntrvw_00000379","BLDG_00397","Unknown",,"Unknown","Unknown","Unknown","Unknown","Unknown","Unknown","Unknown","Unknown","Unknown","Unknown",0,,0.0000,,0.0000,
"BldgIntrvw_00000084","BLDG_00398","Tenant manager",0.0000,,"No","No","No","No","Yes","No","Issues with the roofs of the upstairs units - mold. Water leaking from hood range in some units.","Unknown","No",,"Unknown",,"Unknown",,"Unknown"
"BldgIntrvw_00000434","BLDG_00402","Unknown",,"Unknown","Unknown","Unknown","Unknown","Unknown","Unknown","Unknown","Unknown","No","No",,"Unknown",,"Unknown",,"Unknown"
"BldgIntrvw_00000032","BLDG_00403","Unknown",0.0800,,"Unknown","Unknown","Unknown","Unknown","Unknown","Unknown","Unknown","Unknown","Unknown",0,,0.0000,,0.0000,
"BldgIntrvw_00000110","BLDG_00406","Property management firm",0.0000,,"Yes","No","No","No","No","No","Gets too hot or too cold","No","No",0,,0.0000,,0.0000,
"BldgIntrvw_00000108","BLDG_00407","Property management firm",0.0000,,"Yes","No","No","No","No","No","Bad thermal envelope","No","No",0,,0.0000,,0.0000,
"BldgIntrvw_00000424","BLDG_00455","Unknown",,"Unknown","Unknown","Unknown","Unknown","Unknown","Unknown","Unknown","Unknown",,"Unknown",,"Unknown",,"Unknown",,"Unknown"
"BldgIntrvw_00000296","BLDG_00517","Unknown",,"Unknown","Unknown","Unknown","Unknown","Unknown","Unknown","Unknown","Unknown","Unknown","Unknown",0,,0.0000,,0.0000,
"BldgIntrvw_00000260","BLDG_00515","Unknown",,"Unknown","Unknown","Unknown","Unknown","Unknown","Unknown","Unknown","Unknown","Unknown","Yes",0,,0.0000,,0.0000,
"BldgIntrvw_00000418","BLDG_00462","Property management firm",0.0263,,"No","No","No","No","No","No","N/A","No","No",0,,0.0000,,0.0000,
"BldgIntrvw_00000164","BLDG_00477","Unknown",,"Unknown","Unknown","Unknown","Unknown","Unknown","Unknown","Unknown","Unknown","Unknown","Unknown",0,,0.0000,,0.0000,
"BldgIntrvw_00000455","BLDG_00541","Owner",0.0000,,"No","No","No","No","No","No","No","No","No",0,,0.0000,,0.0000,
"BldgIntrvw_00000363","BLDG_00457","Unknown",,"Unknown","Unknown","Unknown","Unknown","Unknown","Unknown","Unknown","Unknown","No","No",0,,0.0000,,0.0000,
"BldgIntrvw_00000281","BLDG_00454","Unknown",,"Unknown","Unknown","Unknown","Unknown","Unknown","Unknown","Unknown","Unknown","N/A","N/A",0,,0.0000,,0.0000,
"BldgIntrvw_00000036","BLDG_00445","Unknown",,"Unknown","Unknown","Unknown","Unknown","Unknown","Unknown","Unknown","Unknown","Unknown","Unknown",0,,0.0000,,0.0000,
"BldgIntrvw_00000190","BLDG_00437","Unknown",,"Unknown","Unknown","Unknown","Unknown","Unknown","Unknown","Unknown","Unknown","Unknown","Unknown",0,,0.0000,,0.0000,
"BldgIntrvw_00000271","BLDG_00474","Unknown",,"Unknown","Unknown","Unknown","Unknown","Unknown","Unknown","Unknown","Unknown","Unknown","Unknown",0,,0.0000,,0.0000,
"BldgIntrvw_00000137","BLDG_00244","Unknown",,"Unknown","Unknown","Unknown","Unknown","Unknown","Unknown","Unknown","Unknown","Unknown","Unknown",0,,0.0000,,0.0000,
"BldgIntrvw_00000313","BLDG_00448","Unknown",,"Unknown","Unknown","Unknown","Unknown","Unknown","Unknown","Unknown","Unknown","N/A","No",0,,0.0000,,0.0000,
"BldgIntrvw_00000141","BLDG_00470","Unknown",0.0000,,"Unknown","Unknown","Unknown","Unknown","Unknown","Unknown","Unknown","N/A","No",0,,0.0000,,0.0000,
"BldgIntrvw_00000007","BLDG_00475","Unknown",,"Unknown","Unknown","Unknown","Unknown","Unknown","Unknown","Unknown","Unknown","N/A","N/A",0,,0.0000,,0.0000,
"BldgIntrvw_00000077","BLDG_00490","Unknown",,"Unknown","Unknown","Unknown","Unknown","Unknown","Unknown","Unknown","Unknown","N/A","N/A",0,,0.0000,,0.0000,
"BldgIntrvw_00000062","BLDG_00447","Unknown",,"Unknown","Unknown","Unknown","Unknown","Unknown","Unknown","Unknown","Unknown","N/A","No",0,,0.0000,,0.0000,
"BldgIntrvw_00000444","BLDG_00469","Unknown",,"Unknown","Unknown","Unknown","Unknown","Unknown","Unknown","Unknown","Unknown","Unknown","Unknown",0,,0.0000,,0.0000,
"BldgIntrvw_00000417","BLDG_00487","Unknown",,"Unknown","Unknown","Unknown","Unknown","Unknown","Unknown","Unknown","Unknown","Unknown","Unknown",0,,0.0000,,0.0000,
"BldgIntrvw_00000048","BLDG_00491","Owner",0.0000,,"No","No","No","No","No","No","N/A","N/A","No",0,,0.0000,,0.0000,
"BldgIntrvw_00000325","BLDG_00493","Owner",0.0000,,"No","No","No","No","No","No","N/A","Unknown","Unknown",0,,0.0000,,0.0000,
"BldgIntrvw_00000269","BLDG_00232","Property management firm",0.0000,,"No","Yes","No","No","No","No","Package units have made exterior walls unsightly due to burning","No","No",0,,0.0000,,0.0000,
"BldgIntrvw_00000236","BLDG_00441","Property management firm",,"Unknown","Unknown","Unknown","Unknown","Unknown","Unknown","Unknown","Unknown",,"No",,"Unknown",,"Unknown",,"Unknown"
"BldgIntrvw_00000249","BLDG_00198","Unknown",,"Unknown","Unknown","Unknown","Unknown","Unknown","Unknown","Unknown","Unknown","No","No",0,,0.0000,,0.0000,
"BldgIntrvw_00000305","BLDG_00307","Unknown",,"Unknown","Unknown","Unknown","Unknown","Unknown","Unknown","Unknown","Unknown","N/A","No",0,,0.0000,,0.0000,
"BldgIntrvw_00000173","BLDG_00206","Unknown",,"Unknown","Unknown","Unknown","Unknown","Unknown","Unknown","Unknown","Unknown","N/A","No",0,,0.0000,,0.0000,
"BldgIntrvw_00000044","BLDG_00208","Unknown",,"Unknown","Unknown","Unknown","Unknown","Unknown","Unknown","Unknown","Unknown","Unknown","Unknown",0,,0.0000,,0.0000,
"BldgIntrvw_00000352","BLDG_00197","Unknown",,"Unknown","Unknown","Unknown","Unknown","Unknown","Unknown","Unknown","Unknown","No","No",0,,0.0000,,0.0000,
"BldgIntrvw_00000182","BLDG_00479","Unknown",,"Unknown","Unknown","Unknown","Unknown","Unknown","Unknown","Unknown","Unknown","Unknown","Unknown",0,,0.0000,,0.0000,
"BldgIntrvw_00000254","BLDG_00209","Unknown",,"Unknown","Unknown","Unknown","Unknown","Unknown","Unknown","Unknown","Unknown","N/A","No",0,,0.0000,,0.0000,
"BldgIntrvw_00000404","BLDG_00482","Unknown",,"Unknown","Unknown","Unknown","Unknown","Unknown","Unknown","Unknown","Unknown","No","No",0,,0.0000,,0.0000,
"BldgIntrvw_00000045","BLDG_00270","Unknown",,"Unknown","Unknown","Unknown","Unknown","Unknown","Unknown","Unknown","Unknown","No","No",0,,0.0000,,0.0000,
"BldgIntrvw_00000302","BLDG_00314","Unknown",,"Unknown","Unknown","Unknown","Unknown","Unknown","Unknown","Unknown","Unknown","N/A","No",0,,0.0000,,0.0000,
"BldgIntrvw_00000043","BLDG_00267","Unknown",,"Unknown","Unknown","Unknown","Unknown","Unknown","Unknown","Unknown","Unknown","N/A","No",0,,0.0000,,0.0000,
"BldgIntrvw_00000109","BLDG_00274","Unknown",,"Unknown","Unknown","Unknown","Unknown","Unknown","Unknown","Unknown","Unknown","Unknown","Unknown",0,,0.0000,,0.0000,
"BldgIntrvw_00000061","BLDG_00285","Unknown",,"Unknown","Unknown","Unknown","Unknown","Unknown","Unknown","Unknown","Unknown","No","No",0,,0.0000,,0.0000,
"BldgIntrvw_00000347","BLDG_00280","Unknown",,"Unknown","Unknown","Unknown","Unknown","Unknown","Unknown","Unknown","Unknown","Unknown","Unknown",0,,0.0000,,0.0000,
"BldgIntrvw_00000362","BLDG_00480","Unknown",,"Unknown","Unknown","Unknown","Unknown","Unknown","Unknown","Unknown","Unknown","N/A","No",0,,0.0000,,0.0000,
"BldgIntrvw_00000202","BLDG_00497","Unknown",,"Unknown","Unknown","Unknown","Unknown","Unknown","Unknown","Unknown","Unknown","N/A","No",0,,0.0000,,0.0000,
"BldgIntrvw_00000373","BLDG_00492","Unknown",,"Unknown","Unknown","Unknown","Unknown","Unknown","Unknown","Unknown","Unknown","N/A","No",0,,0.0000,,0.0000,
"BldgIntrvw_00000125","BLDG_00050","Unknown",,"Unknown","Unknown","Unknown","Unknown","Unknown","Unknown","Unknown","Unknown","No","No",0,,0.0000,,0.0000,
"BldgIntrvw_00000273","BLDG_00496","Unknown",,"Unknown","Unknown","Unknown","Unknown","Unknown","Unknown","Unknown","Unknown","N/A","No",0,,0.0000,,0.0000,
"BldgIntrvw_00000383","BLDG_00325","Unknown",,"Unknown","Unknown","Unknown","Unknown","Unknown","Unknown","Unknown","Unknown",,"No",,"Unknown",,"Unknown",,"Unknown"
"BldgIntrvw_00000361","BLDG_00253","Unknown",,"Unknown","Unknown","Unknown","Unknown","Unknown","Unknown","Unknown","Unknown","Unknown","Unknown",0,,0.0000,,0.0000,
"BldgIntrvw_00000342","BLDG_00488","Unknown",,"Unknown","Unknown","Unknown","Unknown","Unknown","Unknown","Unknown","Unknown",,"No",,"Unknown",,"Unknown",,"Unknown"
"BldgIntrvw_00000017","BLDG_00486","Unknown",,"Unknown","Unknown","Unknown","Unknown","Unknown","Unknown","Unknown","Unknown","Unknown","Unknown",0,,0.0000,,0.0000,
"BldgIntrvw_00000410","BLDG_00485","Unknown",,"Unknown","Unknown","Unknown","Unknown","Unknown","Unknown","Unknown","Unknown","No","No",0,,0.0000,,0.0000,
"BldgIntrvw_00000294","BLDG_00483","Unknown",,"Unknown","Unknown","Unknown","Unknown","Unknown","Unknown","Unknown","Unknown","Unknown","Unknown",0,,0.0000,,0.0000,
"BldgIntrvw_00000227","BLDG_00489","Owner",0.1200,,"Unknown","Unknown","Unknown","Unknown","Unknown","Unknown","Unknown","No","No",0,,0.0000,,0.0000,
"BldgIntrvw_00000368","BLDG_00075","Property management firm",0.0000,,"No","No","No","No","No","No","N/A","No","No",,"Unknown",,"Unknown",,"Unknown"
"BldgIntrvw_00000459","BLDG_00542","Unknown",,"Unknown","Unknown","Unknown","Unknown","Unknown","Unknown","Unknown","Unknown","No","No",0,,0.0000,,0.0000,
"BldgIntrvw_00000460","BLDG_00544","Property management firm",0.0400,,"No","No","No","No","No","No","N/A","Unknown","Unknown",0,,0.0000,,0.0000,
"BldgIntrvw_00000457","BLDG_00547","HOA",0.0000,,"Unknown","Unknown","Unknown","Unknown","Unknown","Unknown","Unknown","No","No",0,,0.0000,,0.0000,
"BldgIntrvw_00000456","BLDG_00546","Unknown",,"Unknown","Unknown","Unknown","Unknown","Unknown","Unknown","Unknown","Unknown","N/A","No",0,,0.0000,,0.0000,
"BldgIntrvw_00000458","BLDG_00545","Property management firm",0.0000,,"No","No","No","No","No","No","N/A","N/A","No",0,,0.0000,,0.0000,
"BldgIntrvw_00000442","BLDG_00034","Property management firm",0.0000,,"Unknown","Unknown","Unknown","Unknown","Unknown","Unknown","Unknown","No","No",0,,0.0000,,0.0000,
"BldgIntrvw_00000006","BLDG_00044","Property management firm",0.0000,,"Unknown","Unknown","Unknown","Unknown","Unknown","Unknown","Unknown","N/A","No",0,,0.0000,,0.0000,
"BldgIntrvw_00000307","BLDG_00027","Property management firm",0.0500,,"No","No","No","No","No","No","N/A","N/A","No",0,,0.0000,,0.0000,
"BldgIntrvw_00000082","BLDG_00049","Unknown",,"Unknown","No","No","No","No","No","No","N/A","No","No",0,,0.0000,,0.0000,
"BldgIntrvw_00000440","BLDG_00037","Property management firm",0.0410,,"No","No","No","No","No","No","N/A","No","No",0,,0.0000,,0.0000,
"BldgIntrvw_00000256","BLDG_00045","Tenant manager",0.0000,,"No","No","No","No","No","No","N/A","No","No",0,,0.0000,,0.0000,
"BldgIntrvw_00000286","BLDG_00039","Hired contract manager",0.1600,,"Unknown","Unknown","Unknown","Unknown","Unknown","Unknown","Unknown","No","No",0,,0.0000,,0.0000,
"BldgIntrvw_00000370","BLDG_00035","Government funding",0.0500,,"No","No","No","No","No","No","N/A","N/A","No",0,,0.0000,,0.0000,
"BldgIntrvw_00000081","BLDG_00038","Unknown",,"Unknown","Unknown","Unknown","Unknown","Unknown","Unknown","Unknown","Unknown","N/A","No",0,,0.0000,,0.0000,
"BldgIntrvw_00000274","BLDG_00357","Unknown",,"Unknown","Unknown","Unknown","Unknown","Unknown","Unknown","Unknown","Unknown","No","No",0,,0.0000,,0.0000,
"BldgIntrvw_00000382","BLDG_00369","Property management firm",0.2500,,"No","No","No","No","Yes","No","periodic mold/mildew issues caused by some tenants","No","No",0,,0.0000,,0.0000,
"BldgIntrvw_00000002","BLDG_00354","Property management firm",,"Unknown","Unknown","Unknown","Unknown","Unknown","Unknown","Unknown","Unknown","N/A","No",0,,0.0000,,0.0000,
"BldgIntrvw_00000171","BLDG_00067","Owner",0.0000,,"Unknown","No","No","No","No","Yes","Leaky windows, some get moisture, a few have been replaced. Interviewed tenant since no building manager","Unknown","Unknown",0,,0.0000,,0.0000,
"BldgIntrvw_00000243","BLDG_00053","Tenant manager",0.0300,,"No","No","No","No","Yes","No","A little bit around the windows for mold and mildew but cleans right up","No","No",0,,0.0000,,0.0000,
"BldgIntrvw_00000199","BLDG_00340","Tenant manager",0.0500,,"No","Unknown","Unknown","No","Unknown","No","N/A","No","No",0,,0.0000,,0.0000,
"BldgIntrvw_00000049","BLDG_00057","Tenant manager",,"Unknown","Unknown","Unknown","Unknown","Unknown","Unknown","Unknown","Unknown","No","No",0,,0.0000,,0.0000,
"BldgIntrvw_00000056","BLDG_00071","Housing Opportunities of SW Washington",0.0600,,"No","Yes","No","No","No","No","Tenants want central a/c.","N/A","No",0,,0.0000,,0.0000,
"BldgIntrvw_00000080","BLDG_00040","Property management firm",0.0000,,"No","No","No","No","No","No","N/A","N/A","No",0,,0.0000,,0.0000,
"BldgIntrvw_00000055","BLDG_00066","Tenant manager",0.0000,,"No","Yes","No","No","Yes","Yes","Windows get stuck shut, pretty old. They are original to the buildings.","Unknown","Yes",6,,0.0000,,0.0000,
"BldgIntrvw_00000238","BLDG_00368","Unknown",,"Unknown","Unknown","Unknown","Unknown","Unknown","Unknown","Unknown","Unknown","N/A","No",0,,0.0000,,0.0000,
"BldgIntrvw_00000054","BLDG_00373","Property management firm",0.0000,,"Unknown","Unknown","Unknown","Unknown","Unknown","Unknown","Unknown","No","No",0,,0.0000,,0.0000,
"BldgIntrvw_00000415","BLDG_00336","Unknown",0.0000,,"No","No","No","No","No","No","N/A","N/A","No",0,,0.0000,,0.0000,
"BldgIntrvw_00000169","BLDG_00141","Owner",0.0000,,"Unknown","Unknown","Unknown","Unknown","Unknown","Unknown","Unknown","N/A","No",0,,0.0000,,0.0000,
"BldgIntrvw_00000187","BLDG_00358","Property management firm",0.0000,,"No","No","No","No","No","No","N/A","N/A","No",0,,0.0000,,0.0000,
"BldgIntrvw_00000303","BLDG_00361","Property management firm",,"Unknown","No","No","No","No","Yes","No","Mold problems, had to hire someone for treatments","Unknown","Unknown",0,,0.0000,,0.0000,
"BldgIntrvw_00000255","BLDG_00349","Property management firm",0.0400,,"No","No","No","No","Yes","No","Due to bathroom fans and over stuffed units. Replacining fans to motion and moisture","Unknown","Unknown",0,,0.0000,,0.0000,
"BldgIntrvw_00000319","BLDG_00059","Unknown",,"Unknown","Unknown","Unknown","Unknown","Unknown","Unknown","Unknown","Unknown","Unknown","Unknown",,"Unknown",,"Unknown",,"Unknown"
"BldgIntrvw_00000237","BLDG_00266","Unknown",,"Unknown","Unknown","Unknown","Unknown","Unknown","Unknown","Unknown","Unknown","No","No",0,,0.0000,,0.0000,
"BldgIntrvw_00000170","BLDG_00286","Unknown",,"Unknown","Unknown","Unknown","Unknown","Unknown","Unknown","Unknown","Unknown","No","No",0,,0.0000,,0.0000,
"BldgIntrvw_00000409","BLDG_00192","Unknown",,"Unknown","Unknown","Unknown","Unknown","Unknown","Unknown","Unknown","Unknown","No","No",0,,0.0000,,0.0000,
"BldgIntrvw_00000429","BLDG_00006","Unknown",,"Unknown","Unknown","Unknown","Unknown","Unknown","Unknown","Unknown","Unknown","Unknown","Unknown",0,,0.0000,,0.0000,
"BldgIntrvw_00000262","BLDG_00195","Unknown",,"Unknown","Unknown","Unknown","Unknown","Unknown","Unknown","Unknown","Unknown","Unknown","Unknown",0,,0.0000,,0.0000,
"BldgIntrvw_00000041","BLDG_00187","Unknown",,"Unknown","Unknown","Unknown","Unknown","Unknown","Unknown","Unknown","Unknown","N/A","No",0,,0.0000,,0.0000,
"BldgIntrvw_00000150","BLDG_00014","Unknown",,"Unknown","Unknown","Unknown","Unknown","Unknown","Unknown","Unknown","Unknown","No","No",0,,0.0000,,0.0000,
"BldgIntrvw_00000011","BLDG_00276","Property management firm",,"Unknown","Yes","No","No","No","Yes","No","Building is under complete renovation due to black mold.","Unknown","Unknown",0,,0.0000,,0.0000,
"BldgIntrvw_00000038","BLDG_00009","Unknown",,"Unknown","Unknown","Unknown","Unknown","Unknown","Unknown","Unknown","Unknown",,"Unknown",,"Unknown",,"Unknown",,"Unknown"
"BldgIntrvw_00000280","BLDG_00316","Unknown",,"Unknown","Unknown","Unknown","Unknown","Unknown","Unknown","Unknown","Unknown","N/A","No",0,,0.0000,,0.0000,
"BldgIntrvw_00000219","BLDG_00257","Unknown",,"Unknown","Unknown","Unknown","Unknown","Unknown","Unknown","Unknown","Unknown","N/A","No",0,,0.0000,,0.0000,
"BldgIntrvw_00000427","BLDG_00249","Unknown",,"Unknown","Unknown","Unknown","Unknown","Unknown","Unknown","Unknown","Unknown","N/A","No",0,,0.0000,,0.0000,
"BldgIntrvw_00000003","BLDG_00265","Unknown",,"Unknown","Unknown","Unknown","Unknown","Unknown","Unknown","Unknown","Unknown","Unknown","Unknown",0,,0.0000,,0.0000,
"BldgIntrvw_00000220","BLDG_00254","Unknown",,"Unknown","Unknown","Unknown","Unknown","Unknown","Unknown","Unknown","Unknown","Unknown","Unknown",0,,0.0000,,0.0000,
"BldgIntrvw_00000248","BLDG_00255","Unknown",,"Unknown","Unknown","Unknown","Unknown","Unknown","Unknown","Unknown","Unknown","Unknown","Unknown",0,,0.0000,,0.0000,
"BldgIntrvw_00000403","BLDG_00109","Unknown",0.0000,,"Unknown","Unknown","Unknown","Unknown","Unknown","Unknown","Unknown","N/A","No",0,,0.0000,,0.0000,
"BldgIntrvw_00000250","BLDG_00342","Property management firm",0.0000,,"Unknown","Unknown","Unknown","Unknown","Unknown","Unknown","Unknown","N/A","No",0,,0.0000,,0.0000,
"BldgIntrvw_00000037","BLDG_00356","Property management firm",0.0000,,"Unknown","Unknown","Unknown","Unknown","Unknown","Unknown","Unknown","N/A","No",0,,0.0000,,0.0000,
"BldgIntrvw_00000135","BLDG_00362","Unknown",,"Unknown","Unknown","Unknown","Unknown","Unknown","Unknown","Unknown","Unknown","Unknown","Unknown",0,,0.0000,,0.0000,
"BldgIntrvw_00000101","BLDG_00363","Unknown",,"Unknown","Unknown","Unknown","Unknown","Unknown","Unknown","Unknown","Unknown","Unknown","Unknown",0,,0.0000,,0.0000,
"BldgIntrvw_00000040","BLDG_00364","Tenant manager",0.0000,,"Unknown","No","No","No","Yes","Yes","Installed backwards, security issue (windows). Mold problems are normal in the area","N/A","No",0,,0.0000,,0.0000,
"BldgIntrvw_00000162","BLDG_00365","Owner",0.0000,,"N/A","N/A","N/A","No","N/A","N/A","N/A","No","No",0,,,"Unknown",0.0000,
"BldgIntrvw_00000113","BLDG_00367","Tenant manager",0.0000,,"No","No","No","No","No","No","N/A","N/A","No",0,,,"Unknown",,"Unknown"
"BldgIntrvw_00000009","BLDG_00370","Tenant manager",0.0800,,"No","No","No","No","Yes","No","Some mold/mildew","No","No",0,,0.0000,,0.0000,
"BldgIntrvw_00000423","BLDG_00372","Property management firm",0.0000,,"No","No","No","Yes","Yes","No","Not enough lighting in living rooms. Not enough lighting outdoors. Mold in bedrooms and bathrooms, gets treated with spray.","N/A","No",0,,0.0000,,0.0000,
"BldgIntrvw_00000365","BLDG_00374","Tenant manager",0.0000,,"Unknown","Unknown","Unknown","Unknown","Unknown","Unknown","Unknown","N/A","No",0,,0.0000,,0.0000,
"BldgIntrvw_00000117","BLDG_00410","Unknown",,"Unknown","N/A","N/A","N/A","N/A","N/A","N/A","No mgr appt","Unknown","Unknown",,"Unknown",,"Unknown",,"Unknown"
"BldgIntrvw_00000350","BLDG_00411","Property management firm",0.0000,,"No","No","No","No","No","No","N/A","N/A","Unknown",,"Unknown",,"Unknown",,"Unknown"
"BldgIntrvw_00000176","BLDG_00412","Tenant manager",0.0000,,"Unknown","Unknown","Unknown","Yes","Unknown","Yes","Shallow double pane aluminum","N/A","No",0,,0.0000,,0.0000,
"BldgIntrvw_00000336","BLDG_00421","Unknown",,"Unknown","Unknown","Unknown","Unknown","Unknown","Unknown","Unknown","Unknown","Unknown","Unknown",,"Unknown",,"Unknown",,"Unknown"
"BldgIntrvw_00000395","BLDG_00423","Unknown",,"Unknown","Unknown","Unknown","Unknown","Unknown","Unknown","Unknown","Unknown","N/A","Unknown",,"Unknown",,"Unknown",,"Unknown"
"BldgIntrvw_00000149","BLDG_00426","Unknown",,"Unknown","Unknown","Unknown","Unknown","Unknown","Unknown","Unknown","Unknown","Unknown","Unknown",,"Unknown",,"Unknown",,"Unknown"
"BldgIntrvw_00000450","BLDG_00430","Unknown",,"Unknown","Unknown","Unknown","Unknown","Unknown","Unknown","Unknown","No manager present","Unknown","Yes",,"Unknown",,"Unknown",,"Unknown"
"BldgIntrvw_00000069","BLDG_00114","Unknown",0.0000,,"Unknown","Unknown","Unknown","Unknown","Unknown","Unknown","Unknown","Unknown","Unknown",0,,0.0000,,0.0000,
"BldgIntrvw_00000070","BLDG_00180","N/A",0.0000,,"No","No","No","No","No","No","N/A","Unknown","Unknown",0,,0.0000,,0.0000,
"BldgIntrvw_00000177","BLDG_00173","Unknown",,"Unknown","Unknown","Unknown","Unknown","Unknown","Unknown","Unknown","Unknown","N/A","N/A",0,,0.0000,,0.0000,
"BldgIntrvw_00000411","BLDG_00113","Property management firm",0.0000,,"No","No","No","No","No","No","N/A","N/A","No",0,,0.0000,,0.0000,
"BldgIntrvw_00000276","BLDG_00169","Owner",0.0000,,"No","No","No","No","No","No","N/A","Unknown","Unknown",0,,0.0000,,0.0000,
"BldgIntrvw_00000252","BLDG_00117","Property management firm",0.0000,,"No","No","No","No","No","No","N/A","No","No",0,,0.0000,,0.0000,
"BldgIntrvw_00000174","BLDG_00535","Property management firm",0.0000,,"Unknown","Unknown","Unknown","Unknown","Unknown","Unknown","Unknown","No","No",0,,0.0000,,0.0000,
"BldgIntrvw_00000088","BLDG_00185","Unknown",,"Unknown","Unknown","Yes","Unknown","Unknown","Unknown","Unknown","cooling utility cost expensive- neighbor commented. unable to speak with building manager.","Unknown","Unknown",0,,0.0000,,0.0000,
"BldgIntrvw_00000330","BLDG_00539","Unknown",0.0000,,"Unknown","Unknown","Unknown","Unknown","Unknown","Unknown","Unknown","N/A","No",0,,0.0000,,0.0000,
"BldgIntrvw_00000428","BLDG_00136","Unknown",,"Unknown","Unknown","Unknown","Unknown","Unknown","Unknown","Unknown","Unknown","N/A","No",0,,0.0000,,0.0000,
"BldgIntrvw_00000012","BLDG_00112","Unknown",0.0000,,"Unknown","Unknown","Unknown","Unknown","Unknown","Unknown","Unknown","No","No",0,,0.0000,,0.0000,
"BldgIntrvw_00000346","BLDG_00532","Tenant manager",0.0000,,"Unknown","Unknown","Unknown","Unknown","Unknown","Unknown","Unknown","N/A","No",0,,0.0000,,0.0000,
"BldgIntrvw_00000033","BLDG_00121","Unknown",0.0000,,"Unknown","Unknown","Unknown","Unknown","Unknown","Unknown","Unknown","N/A","No",0,,0.0000,,0.0000,
"BldgIntrvw_00000179","BLDG_00538","Property management firm",0.0000,,"No","No","No","No","No","No","N/A","N/A","No",0,,0.0000,,0.0000,
"BldgIntrvw_00000267","BLDG_00020","Unknown",,"Unknown","Unknown","Unknown","Unknown","Unknown","Unknown","Unknown","Unknown","No","No",0,,0.0000,,0.0000,
"BldgIntrvw_00000197","BLDG_00328","Unknown",,"Unknown","Unknown","Unknown","Unknown","Unknown","Unknown","Unknown","Unknown","No","No",0,,0.0000,,0.0000,
"BldgIntrvw_00000215","BLDG_00081","Unknown",,"Unknown","Unknown","Unknown","Unknown","Unknown","Unknown","Unknown","Unknown","No","No",0,,0.0000,,0.0000,
"BldgIntrvw_00000067","BLDG_00082","Unknown",,"Unknown","Unknown","Unknown","Unknown","Unknown","Unknown","Unknown","Unknown","No","No",0,,0.0000,,0.0000,
"BldgIntrvw_00000224","BLDG_00079","Unknown",,"Unknown","Unknown","Unknown","Unknown","Unknown","Unknown","Unknown","Unknown","N/A","No",0,,0.0000,,0.0000,
"BldgIntrvw_00000118","BLDG_00080","Unknown",,"Unknown","Unknown","Unknown","Unknown","Unknown","Unknown","Unknown","Unknown","No","No",0,,0.0000,,0.0000,
"BldgIntrvw_00000091","BLDG_00135","Unknown",,"Unknown","Unknown","Unknown","Unknown","Unknown","Unknown","Unknown","Unknown","N/A","No",0,,0.0000,,0.0000,
"BldgIntrvw_00000405","BLDG_00130","Unknown",,"Unknown","Unknown","Unknown","Unknown","Unknown","Unknown","Unknown","Unknown","N/A","No",0,,0.0000,,0.0000,
"BldgIntrvw_00000407","BLDG_00139","Unknown",,"Unknown","Unknown","Unknown","Unknown","Unknown","Unknown","Unknown","Unknown","N/A","No",0,,0.0000,,0.0000,
"BldgIntrvw_00000213","BLDG_00460","Unknown",,"Unknown","Unknown","Unknown","Unknown","Unknown","Unknown","Unknown","Unknown",,"No",,"Unknown",,"Unknown",,"Unknown"
"BldgIntrvw_00000039","BLDG_00473","Unknown",,"Unknown","Unknown","Unknown","Unknown","Unknown","Unknown","Unknown","Unknown","N/A","No",,"Unknown",,"Unknown",,"Unknown"
"BldgIntrvw_00000181","BLDG_00446","Unknown",,"Unknown","Unknown","Unknown","Unknown","Unknown","Unknown","Unknown","Unknown",,"Unknown",,"Unknown",,"Unknown",,"Unknown"
"BldgIntrvw_00000021","BLDG_00451","Unknown",,"Unknown","Unknown","Unknown","Unknown","Unknown","Unknown","Unknown","Unknown","Unknown","Unknown",0,,0.0000,,0.0000,
"BldgIntrvw_00000295","BLDG_00512","Unknown",,"Unknown","Unknown","Unknown","Unknown","Unknown","Unknown","Unknown","Unknown","No","Unknown",0,,0.0000,,0.0000,
"BldgIntrvw_00000156","BLDG_00513","Unknown",,"Unknown","Unknown","Unknown","Unknown","Unknown","Unknown","Unknown","Unknown","Unknown","Unknown",0,,0.0000,,0.0000,
"BldgIntrvw_00000277","BLDG_00467","Unknown",,"Unknown","Unknown","Unknown","Unknown","Unknown","Unknown","Unknown","Unknown","Unknown","Unknown",0,,0.0000,,0.0000,
"BldgIntrvw_00000053","BLDG_00514","Unknown",,"Unknown","Unknown","Unknown","Unknown","Unknown","Unknown","Unknown","Unknown","Unknown","Unknown",0,,0.0000,,0.0000,
"BldgIntrvw_00000355","BLDG_00465","Unknown",,"Unknown","Unknown","Unknown","Unknown","Unknown","Unknown","Unknown","Unknown","Unknown","Unknown",0,,0.0000,,0.0000,
"BldgIntrvw_00000234","BLDG_00511","Unknown",,"Unknown","Unknown","Unknown","Unknown","Unknown","Unknown","Unknown","Unknown","N/A","Unknown",0,,0.0000,,0.0000,
"BldgIntrvw_00000027","BLDG_00262","Unknown",,"Unknown","Unknown","Unknown","Unknown","Unknown","Unknown","Unknown","Unknown","Unknown","Unknown",0,,0.0000,,0.0000,
"BldgIntrvw_00000210","BLDG_00263","Unknown",,"Unknown","Unknown","Unknown","Unknown","Unknown","Unknown","Unknown","Unknown","Unknown","Unknown",0,,0.0000,,0.0000,
"BldgIntrvw_00000360","BLDG_00272","Unknown",,"Unknown","Unknown","Unknown","Unknown","Unknown","Unknown","Unknown","Unknown","N/A","Unknown",0,,0.0000,,0.0000,
"BldgIntrvw_00000155","BLDG_00271","Unknown",,"Unknown","Unknown","Unknown","Unknown","Unknown","Unknown","Unknown","Unknown","Unknown","Unknown",0,,0.0000,,0.0000,
"BldgIntrvw_00000340","BLDG_00324","Tenant manager",,"Unknown","Unknown","No","Unknown","Unknown","Yes","Unknown","Interviewed tenant","Unknown","Unknown",0,,0.0000,,0.0000,
"BldgIntrvw_00000093","BLDG_00317","Unknown",,"Unknown","Unknown","Unknown","Unknown","Unknown","Unknown","Unknown","Unknown","No","No",0,,0.0000,,0.0000,
"BldgIntrvw_00000331","BLDG_00248","Property management firm",,"Unknown","Unknown","Unknown","Unknown","Unknown","Unknown","Unknown","Unknown","No","No",0,,0.0000,,0.0000,
"BldgIntrvw_00000433","BLDG_00322","Unknown",,"Unknown","Unknown","Unknown","Unknown","Unknown","Unknown","Unknown","Unknown","N/A","N/A",0,,0.0000,,0.0000,
"BldgIntrvw_00000357","BLDG_00310","Property management firm",,"Unknown","Unknown","Unknown","Unknown","Unknown","Unknown","Unknown","Unknown","Unknown","Unknown",0,,0.0000,,0.0000,
"BldgIntrvw_00000065","BLDG_00293","Unknown",,"Unknown","Unknown","Unknown","Unknown","Unknown","Unknown","Unknown","Unknown","No","No",0,,0.0000,,0.0000,
"BldgIntrvw_00000167","BLDG_00289","Unknown",,"Unknown","Unknown","Unknown","Unknown","Unknown","Unknown","Unknown","Unknown","No","No",0,,0.0000,,0.0000,
"BldgIntrvw_00000396","BLDG_00205","Unknown",,"Unknown","Unknown","Unknown","Unknown","Unknown","Unknown","Unknown","Unknown","No","No",0,,0.0000,,0.0000,
"BldgIntrvw_00000451","BLDG_00537","Unknown",,"Unknown","Unknown","Unknown","Unknown","Unknown","Unknown","Unknown","Unknown","No","No",0,,0.0000,,0.0000,
"BldgIntrvw_00000401","BLDG_00306","Unknown",,"Unknown","No","Unknown","No","No","No","No","N/A","Unknown","Unknown",0,,0.0000,,0.0000,
"BldgIntrvw_00000359","BLDG_00481","Unknown",,"Unknown","No","No","No","No","No","No","N/A","Unknown","Unknown",0,,0.0000,,0.0000,
"BldgIntrvw_00000349","BLDG_00258","Unknown",,"Unknown","No","No","No","No","No","No","N/A","Unknown","Unknown",0,,0.0000,,0.0000,
"BldgIntrvw_00000393","BLDG_00189","Unknown",,"Unknown","Unknown","Unknown","Unknown","Unknown","Unknown","Unknown","Unknown","Unknown","Unknown",0,,0.0000,,0.0000,
"BldgIntrvw_00000299","BLDG_00288","Unknown",,"Unknown","Unknown","Unknown","Unknown","Unknown","Unknown","Unknown","Unknown","No","No",0,,0.0000,,0.0000,
"BldgIntrvw_00000309","BLDG_00190","Unknown",,"Unknown","Unknown","Unknown","Unknown","Unknown","Unknown","Unknown","Unknown","N/A","No",0,,0.0000,,0.0000,
"BldgIntrvw_00000317","BLDG_00311","Unknown",,"Unknown","Unknown","Unknown","Unknown","Unknown","Unknown","Unknown","Unknown","No","No",0,,0.0000,,0.0000,
"BldgIntrvw_00000058","BLDG_00247","Unknown",,"Unknown","Unknown","Unknown","Unknown","Unknown","Unknown","Unknown","Unknown","Unknown","Unknown",0,,0.0000,,0.0000,
"BldgIntrvw_00000394","BLDG_00283","Unknown",,"Unknown","Unknown","Unknown","Unknown","Unknown","Unknown","Unknown","Unknown","N/A","No",0,,0.0000,,0.0000,
"BldgIntrvw_00000226","BLDG_00162","Unknown",,"Unknown","Unknown","Unknown","Unknown","Unknown","Unknown","Unknown","Unknown","Unknown","Unknown",0,,0.0000,,0.0000,
"BldgIntrvw_00000354","BLDG_00163","Property management firm",0.0000,,"Unknown","Unknown","Unknown","Unknown","Unknown","Unknown","Unknown","No","No",0,,0.0000,,0.0000,
"BldgIntrvw_00000318","BLDG_00337","Government/Nonprofit Agency",0.0000,,"Unknown","Unknown","Unknown","Unknown","Unknown","Unknown","Unknown","No","No",0,,0.0000,,0.0000,
"BldgIntrvw_00000168","BLDG_00527","Unknown",,"Unknown","Unknown","Unknown","Unknown","Unknown","Unknown","Unknown","Unknown","N/A","No",0,,0.0000,,0.0000,
"BldgIntrvw_00000436","BLDG_00528","Unknown",,"Unknown","Unknown","Unknown","Unknown","Unknown","Unknown","Unknown","Unknown","N/A","No",0,,0.0000,,0.0000,
"BldgIntrvw_00000030","BLDG_00534","Unknown",,"Unknown","Unknown","Unknown","Unknown","Unknown","Unknown","Unknown","Unknown","No","No",0,,0.0000,,0.0000,
"BldgIntrvw_00000326","BLDG_00526","Unknown",,"Unknown","Unknown","Unknown","Unknown","Unknown","Unknown","Unknown","Unknown","N/A","No",0,,0.0000,,0.0000,
"BldgIntrvw_00000290","BLDG_00333","Unknown",,"Unknown","Unknown","Unknown","Unknown","Unknown","Unknown","Unknown","Unknown","N/A","No",0,,0.0000,,0.0000,
"BldgIntrvw_00000287","BLDG_00164","Unknown",,"Unknown","Unknown","Unknown","Unknown","Unknown","Unknown","Unknown","Unknown","N/A","No",0,,0.0000,,0.0000,
"BldgIntrvw_00000073","BLDG_00165","Unknown",,"Unknown","Unknown","Unknown","Unknown","Unknown","Unknown","Unknown","Unknown","Unknown","Unknown",0,,0.0000,,0.0000,
"BldgIntrvw_00000241","BLDG_00525","Unknown",,"Unknown","Unknown","Unknown","Unknown","Unknown","Unknown","Unknown","Unknown","No","No",0,,0.0000,,0.0000,
"BldgIntrvw_00000140","BLDG_00522","Unknown",,"Unknown","Unknown","Unknown","Unknown","Unknown","Unknown","Unknown","Unknown","Unknown","Unknown",0,,0.0000,,0.0000,
"BldgIntrvw_00000134","BLDG_00521","Unknown",,"Unknown","Unknown","Unknown","Unknown","Unknown","Unknown","Unknown","Unknown","N/A","No",0,,0.0000,,0.0000,
"BldgIntrvw_00000121","BLDG_00524","Unknown",,"Unknown","Unknown","Unknown","Unknown","Unknown","Unknown","Unknown","Unknown","Unknown","Unknown",0,,0.0000,,0.0000,
"BldgIntrvw_00000052","BLDG_00523","Unknown",,"Unknown","Unknown","Unknown","Unknown","Unknown","Unknown","Unknown","Unknown","Unknown","Unknown",0,,0.0000,,0.0000,
"BldgIntrvw_00000308","BLDG_00360","Unknown",0.0000,,"No","No","No","No","Yes","No","In some units with broken exhaust fa","Unknown","Unknown",0,,0.0000,,0.0000,
"BldgIntrvw_00000329","BLDG_00338","Tenant manager",0.0000,,"Yes","Yes","No","Yes","Yes","No","some dont like new hvac systems, some complain too dim","N/A","No",0,,0.0000,,0.0000,
"BldgIntrvw_00000279","BLDG_00377","Property management firm",0.0000,,"No","N/A","No","No","No","No","N/A","N/A","No",0,,0.0000,,0.0000,
"BldgIntrvw_00000142","BLDG_00160","Unknown",,"Unknown","Unknown","Unknown","Unknown","Unknown","Unknown","Unknown","Unknown","No","No",0,,0.0000,,0.0000,
"BldgIntrvw_00000232","BLDG_00091","Unknown",,"Unknown","Unknown","Unknown","Unknown","Unknown","Unknown","Unknown","Unknown","N/A","No",0,,0.0000,,0.0000,
"BldgIntrvw_00000004","BLDG_00092","Tenant manager",0.0000,,"Unknown","Unknown","Unknown","Unknown","Unknown","Unknown","Unknown","No","No",0,,0.0000,,0.0000,
"BldgIntrvw_00000366","BLDG_00090","Condo association",0.0000,,"Unknown","Unknown","Unknown","Unknown","Unknown","Unknown","Unknown","N/A","No",0,,0.0000,,0.0000,
"BldgIntrvw_00000018","BLDG_00087","Tenant manager",0.0420,,"Yes","No","No","No","No","No","Sunny side of building gets too hot","N/A","No",0,,0.0000,,0.0000,
"BldgIntrvw_00000300","BLDG_00084","Owner",0.0000,,"No","No","No","No","No","No","N/A","N/A","No",0,,0.0000,,0.0000,
"BldgIntrvw_00000127","BLDG_00085","Property management firm",0.0000,,"No","N/A","No","No","Yes","No","On window","N/A","No",0,,0.0000,,0.0000,
"BldgIntrvw_00000042","BLDG_00083","Unknown",,"Unknown","Unknown","Unknown","Unknown","Unknown","Unknown","Unknown","Unknown","N/A","No",0,,0.0000,,0.0000,
"BldgIntrvw_00000063","BLDG_00366","Unknown",,"Unknown","Unknown","Unknown","Unknown","Unknown","Unknown","Unknown","Unknown","Unknown","Unknown",0,,0.0000,,0.0000,
"BldgIntrvw_00000441","BLDG_00478","Unknown",,"Unknown","Unknown","Unknown","Unknown","Unknown","Unknown","Unknown","Unknown","Unknown","Unknown",0,,0.0000,,0.0000,
"BldgIntrvw_00000072","BLDG_00161","Owner",0.0000,,"No","No","Yes","No","No","No","Some dimmer switches were broken","No","No",0,,0.0000,,0.0000,
"BldgIntrvw_00000345","BLDG_00381","Unknown",,"Unknown","Unknown","Unknown","Unknown","Unknown","Unknown","Unknown","Unknown","N/A","No",0,,0.0000,,0.0000,
"BldgIntrvw_00000298","BLDG_00346","Unknown",,"Unknown","Unknown","Unknown","Unknown","Unknown","Unknown","Unknown","Unknown","N/A","No",0,,0.0000,,0.0000,
"BldgIntrvw_00000384","BLDG_00339","Unknown",,"Unknown","Unknown","Unknown","Unknown","Unknown","Unknown","Unknown","Unknown","N/A","No",0,,0.0000,,0.0000,
"BldgIntrvw_00000228","BLDG_00243","Unknown",,"Unknown","Unknown","Unknown","Unknown","Unknown","Unknown","Unknown","Unknown","Unknown","Unknown",,"Unknown",,"Unknown",,"Unknown"
"BldgIntrvw_00000425","BLDG_00456","Unknown",,"Unknown","Unknown","Unknown","Unknown","Unknown","Unknown","Unknown","Unknown","N/A","No",0,,0.0000,,0.0000,
"BldgIntrvw_00000320","BLDG_00500","Unknown",,"Unknown","Unknown","Unknown","Unknown","Unknown","Unknown","Unknown","Unknown","No","No",0,,0.0000,,0.0000,
"BldgIntrvw_00000203","BLDG_00509","Unknown",,"Unknown","Unknown","Unknown","Unknown","Unknown","Unknown","Unknown","Unknown","Unknown","Unknown",0,,0.0000,,0.0000,
"BldgIntrvw_00000288","BLDG_00499","Unknown",,"Unknown","Unknown","Unknown","Unknown","Unknown","Unknown","Unknown","Unknown","Unknown","Unknown",0,,0.0000,,0.0000,
"BldgIntrvw_00000075","BLDG_00449","Unknown",,"Unknown","Unknown","Unknown","Unknown","Unknown","Unknown","Unknown","Unknown","Unknown","Unknown",0,,0.0000,,0.0000,
"BldgIntrvw_00000034","BLDG_00518","Unknown",,"Unknown","Unknown","Unknown","Unknown","Unknown","Unknown","Unknown","Unknown","Unknown","Unknown",0,,0.0000,,0.0000,
"BldgIntrvw_00000389","BLDG_00498","Unknown",,"Unknown","Unknown","Unknown","Unknown","Unknown","Unknown","Unknown","Unknown","Unknown","Unknown",,"Unknown",,"Unknown",,"Unknown"
"BldgIntrvw_00000204","BLDG_00472","Unknown",0.0000,,"Unknown","Unknown","Unknown","Unknown","Unknown","Unknown","Unknown","No","No",0,,0.0000,,0.0000,
"BldgIntrvw_00000333","BLDG_00501","Unknown",0.0000,,"Unknown","Unknown","Unknown","Unknown","Unknown","Unknown","Unknown","No","No",0,,0.0000,,0.0000,
"BldgIntrvw_00000126","BLDG_00504","Unknown",,"Unknown","Unknown","Unknown","Unknown","Unknown","Unknown","Unknown","Unknown","No","No",0,,0.0000,,0.0000,
"BldgIntrvw_00000143","BLDG_00440","N/A",,"N/A","N/A","N/A","N/A","N/A","N/A","N/A","N/A","No","No",0,,0.0000,,0.0000,
"BldgIntrvw_00000378","BLDG_00443","Property management firm",0.0000,,"No","No","No","No","No","No","N/A","N/A","N/A",0,,0.0000,,0.0000,
"BldgIntrvw_00000229","BLDG_00233","Tenant manager",0.0000,,"No","No","No","No","No","No","N/A","Unknown","Unknown",0,,0.0000,,0.0000,
"BldgIntrvw_00000412","BLDG_00505","Unknown",,"Unknown","Unknown","Unknown","Unknown","Unknown","Unknown","Unknown","Unknown","Unknown","Unknown",0,,0.0000,,0.0000,
"BldgIntrvw_00000247","BLDG_00459","Unknown",0.0000,,"Unknown","Unknown","Unknown","Unknown","Unknown","Unknown","Unknown","Unknown","Unknown",,"Unknown",,"Unknown",,"Unknown"
"BldgIntrvw_00000087","BLDG_00301","Unknown",,"Unknown","Unknown","Unknown","Unknown","Unknown","Unknown","Unknown","Unknown","No","Yes",1,,0.0000,,50.0000,
"BldgIntrvw_00000159","BLDG_00251","Unknown",,"Unknown","Unknown","Unknown","Unknown","Unknown","Unknown","Unknown","Unknown","Unknown","Unknown",0,,0.0000,,0.0000,
"BldgIntrvw_00000096","BLDG_00261","Unknown",,"Unknown","Unknown","Unknown","Unknown","Unknown","Unknown","Unknown","Unknown","Unknown","Unknown",0,,0.0000,,0.0000,
"BldgIntrvw_00000371","BLDG_00313","Unknown",,"Unknown","Unknown","Unknown","Unknown","Unknown","Unknown","Unknown","Unknown","N/A","No",0,,0.0000,,0.0000,
"BldgIntrvw_00000085","BLDG_00259","Unknown",,"Unknown","Unknown","Unknown","Unknown","Unknown","Unknown","Unknown","Unknown","No","No",0,,0.0000,,0.0000,
"BldgIntrvw_00000122","BLDG_00312","Unknown",,"Unknown","Unknown","Unknown","Unknown","Unknown","Unknown","Unknown","Unknown","No","No",0,,0.0000,,0.0000,
"BldgIntrvw_00000151","BLDG_00315","Unknown",,"Unknown","Unknown","Unknown","Unknown","Unknown","Unknown","Unknown","Unknown","No","No",0,,0.0000,,0.0000,
"BldgIntrvw_00000335","BLDG_00012","Unknown",,"Unknown","Unknown","Unknown","Unknown","Unknown","Unknown","Unknown","Unknown","Unknown","Yes",4,,0.0000,,0.0000,
"BldgIntrvw_00000337","BLDG_00297","Unknown",,"Unknown","Unknown","Unknown","Unknown","Unknown","Unknown","Unknown","Unknown","Unknown","Unknown",0,,0.0000,,0.0000,
"BldgIntrvw_00000283","BLDG_00010","Unknown",,"Unknown","Unknown","Unknown","Unknown","Unknown","Unknown","Unknown","Unknown","Unknown","Unknown",0,,0.0000,,0.0000,
"BldgIntrvw_00000263","BLDG_00250","Unknown",,"Unknown","Unknown","Unknown","Unknown","Unknown","Unknown","Unknown","Unknown","No","No",0,,0.0000,,0.0000,
"BldgIntrvw_00000334","BLDG_00275","Unknown",,"Unknown","Unknown","Unknown","Unknown","Unknown","Unknown","Unknown","Unknown","N/A","No",0,,0.0000,,0.0000,
"BldgIntrvw_00000116","BLDG_00320","Unknown",,"Unknown","Unknown","Unknown","Unknown","Unknown","Unknown","Unknown","Unknown","N/A","No",0,,0.0000,,0.0000,
"BldgIntrvw_00000437","BLDG_00029","Unknown",,"Unknown","Unknown","Unknown","Unknown","Unknown","Unknown","Unknown","Unknown","N/A","N/A",0,,0.0000,,0.0000,
"BldgIntrvw_00000419","BLDG_00031","Unknown",,"Unknown","Unknown","Unknown","Unknown","Unknown","Unknown","Unknown","Unknown","No","No",0,,0.0000,,0.0000,
"BldgIntrvw_00000183","BLDG_00252","Unknown",,"Unknown","Unknown","Unknown","Unknown","Unknown","Unknown","Unknown","Unknown","Unknown","Unknown",0,,0.0000,,0.0000,
"BldgIntrvw_00000188","BLDG_00319","Unknown",,"Unknown","Unknown","Unknown","Unknown","Unknown","Unknown","Unknown","Unknown","No","No",0,,0.0000,,0.0000,
"BldgIntrvw_00000328","BLDG_00137","Unknown",,"Unknown","Unknown","Unknown","Unknown","Unknown","Unknown","Unknown","Unknown","N/A","No",0,,0.0000,,0.0000,
"BldgIntrvw_00000209","BLDG_00129","Unknown",,"Unknown","Unknown","Unknown","Unknown","Unknown","Unknown","Unknown","Unknown","No","No",0,,0.0000,,0.0000,
"BldgIntrvw_00000178","BLDG_00132","Unknown",,"Unknown","Unknown","Unknown","Unknown","Unknown","Unknown","Unknown","Unknown","Unknown","Unknown",0,,0.0000,,0.0000,
"BldgIntrvw_00000154","BLDG_00131","Property management firm",0.0400,,"No","No","No","No","No","No","N/A","Unknown","Unknown",0,,0.0000,,0.0000,
"BldgIntrvw_00000089","BLDG_00077","Unknown",,"Unknown","Unknown","Unknown","Unknown","Unknown","Unknown","Unknown","Unknown","Unknown","Unknown",0,,0.0000,,0.0000,
"BldgIntrvw_00000327","BLDG_00210","Property management firm",0.0000,,"Unknown","Unknown","Unknown","Unknown","Unknown","Unknown","Unknown","N/A","No",0,,0.0000,,0.0000,
"BldgIntrvw_00000076","BLDG_00245","Condo association",0.1400,,"Unknown","Unknown","Unknown","Unknown","Unknown","Unknown","Unknown","No","No",0,,0.0000,,0.0000,
"BldgIntrvw_00000145","BLDG_00212","Property management firm",0.0000,,"Unknown","Unknown","Unknown","Unknown","Unknown","Unknown","Unknown","No","No",0,,0.0000,,0.0000,
"BldgIntrvw_00000079","BLDG_00220","HOA",0.0000,,"Unknown","Unknown","Unknown","Unknown","Unknown","Unknown","Unknown","No","No",0,,0.0000,,0.0000,
"BldgIntrvw_00000120","BLDG_00214","Unknown",,"Unknown","Unknown","Unknown","Unknown","Unknown","Unknown","Unknown","Unknown","Unknown","Unknown",0,,0.0000,,0.0000,
"BldgIntrvw_00000217","BLDG_00215","Unknown",0.0000,,"Unknown","Unknown","Unknown","Unknown","Unknown","Unknown","Unknown","N/A","No",0,,0.0000,,0.0000,
"BldgIntrvw_00000029","BLDG_00217","Unknown",,"Unknown","Unknown","Unknown","Unknown","Unknown","Unknown","Unknown","Unknown","N/A","No",0,,0.0000,,0.0000,
"BldgIntrvw_00000339","BLDG_00216","N/A",0.0000,,"N/A","N/A","N/A","N/A","N/A","N/A","N/A","No","No",0,,0.0000,,0.0000,
"BldgIntrvw_00000025","BLDG_00211","Unknown",0.0000,,"Unknown","Unknown","Unknown","Unknown","Unknown","Unknown","Unknown","Unknown","Unknown",0,,0.0000,,0.0000,
"BldgIntrvw_00000160","BLDG_00110","Unknown",,"Unknown","Unknown","Unknown","Unknown","Unknown","Unknown","Unknown","Unknown","Unknown","Unknown",0,,0.0000,,0.0000,
"BldgIntrvw_00000133","BLDG_00060","Unknown",,"Unknown","Unknown","Unknown","Unknown","Unknown","Unknown","Unknown","Unknown","Unknown","Unknown",0,,0.0000,,0.0000,
"BldgIntrvw_00000144","BLDG_00058","Tenant manager",,"Unknown","No","No","No","No","Yes","No","Few complaints about mold in a couple units.","N/A","No",0,,0.0000,,0.0000,
"BldgIntrvw_00000242","BLDG_00062","Unknown",,"Unknown","Unknown","Unknown","Unknown","Unknown","Unknown","Unknown","Unknown","No","No",0,,0.0000,,0.0000,
"BldgIntrvw_00000390","BLDG_00072","Unknown",,"Unknown","Unknown","Unknown","Unknown","Unknown","Unknown","Unknown","Unknown","No","No",0,,0.0000,,0.0000,
"BldgIntrvw_00000163","BLDG_00070","Tenant manager",0.0300,,"No","No","No","Yes","Yes","No","Bulbs blowing constantly, mold in basement units","No","No",0,,0.0000,,0.0000,
"BldgIntrvw_00000251","BLDG_00064","Unknown",,"Unknown","Yes","Yes","No","Yes","No","Yes","Gets very cold in the winter time; lights burn out quickly; windows are terrible; heating system not adequate for size of townhouse.- complaints specific to homeowner interviewd","Unknown","Unknown",0,,0.0000,,0.0000,
"BldgIntrvw_00000261","BLDG_00052","Tenant manager",,"Unknown","Yes","No","No","No","No","No","Gets really cold in winter and hot in summer- doesn't seem like there is insulation in floor over parking stalls","No","N/A",0,,0.0000,,0.0000,
"BldgIntrvw_00000448","BLDG_00023","Unknown",,"Unknown","Unknown","Unknown","Unknown","Unknown","Unknown","Unknown","Unknown","No","No",0,,0.0000,,0.0000,
"BldgIntrvw_00000223","BLDG_00024","Unknown",,"Unknown","Unknown","Unknown","Unknown","Unknown","Unknown","Unknown","Unknown","Unknown","Unknown",0,,0.0000,,0.0000,
"BldgIntrvw_00000292","BLDG_00033","Unknown",,"Unknown","Unknown","Unknown","Unknown","Unknown","Unknown","Unknown","Unknown","Unknown","Unknown",0,,0.0000,,0.0000,
"BldgIntrvw_00000208","BLDG_00011","Unknown",,"Unknown","Unknown","Unknown","Unknown","Unknown","Unknown","Unknown","Unknown","Unknown","Unknown",0,,0.0000,,0.0000,
"BldgIntrvw_00000205","BLDG_00086","Owner",0.2500,,"No","No","No","No","No","No","N/A","No","No",0,,0.0000,,0.0000,
"BldgIntrvw_00000385","BLDG_00143","Property management firm",0.0000,,"No","No","No","No","No","No","N/A","N/A","No",0,,0.0000,,0.0000,
"BldgIntrvw_00000253","BLDG_00148","Property management firm",0.0000,,"No","No","No","No","No","No","N/A","N/A","No",0,,0.0000,,0.0000,
"BldgIntrvw_00000344","BLDG_00149","Property management firm",0.0000,,"No","No","No","No","No","No","N/A","N/A","No",0,,0.0000,,0.0000,
"BldgIntrvw_00000420","BLDG_00150","Property management firm",0.0000,,"No","No","No","No","No","No","N/A","N/A","No",0,,0.0000,,0.0000,
"BldgIntrvw_00000066","BLDG_00151","Property management firm",,"Unknown","No","No","No","No","No","No","N/A","N/A","No",0,,0.0000,,0.0000,
"BldgIntrvw_00000097","BLDG_00153","Property management firm",0.0000,,"No","No","No","No","No","No","N/A","N/A","No",0,,0.0000,,0.0000,
"BldgIntrvw_00000191","BLDG_00158","Unknown",,"Unknown","Unknown","Unknown","Unknown","Unknown","Unknown","Unknown","Unknown","N/A","No",0,,0.0000,,0.0000,
"BldgIntrvw_00000153","BLDG_00330","Unknown",,"Unknown","Unknown","Unknown","Unknown","Unknown","Unknown","Unknown","Unknown","Unknown","Unknown",0,,0.0000,,0.0000,
"BldgIntrvw_00000107","BLDG_00032","Owner",0.0000,,"Unknown","Unknown","Unknown","Unknown","Unknown","Unknown","Unknown","N/A","No",0,,0.0000,,0.0000,
"BldgIntrvw_00000102","BLDG_00042","Owner",0.0000,,"Unknown","Unknown","Unknown","Unknown","Unknown","Unknown","Unknown","No","No",0,,0.0000,,0.0000,
"BldgIntrvw_00000071","BLDG_00088","Unknown",,"Unknown","Unknown","Unknown","Unknown","Unknown","Unknown","Unknown","Unknown","Unknown","Unknown",0,,0.0000,,0.0000,
"BldgIntrvw_00000374","BLDG_00089","Unknown",,"Unknown","Unknown","Unknown","Unknown","Unknown","Unknown","Unknown","Unknown","Unknown","Unknown",0,,0.0000,,0.0000,
"BldgIntrvw_00000014","BLDG_00142","Property management firm",0.1000,,"Unknown","Unknown","Unknown","Unknown","Unknown","Unknown","Unknown","N/A","No",0,,0.0000,,0.0000,
"BldgIntrvw_00000402","BLDG_00145","Unknown",0.0000,,"Unknown","Unknown","Unknown","Unknown","Unknown","Unknown","Unknown","Unknown","Unknown",0,,0.0000,,0.0000,
"BldgIntrvw_00000148","BLDG_00146","Unknown",0.0000,,"Unknown","Unknown","Unknown","Unknown","Unknown","Unknown","Unknown","No","Unknown",0,,0.0000,,0.0000,
"BldgIntrvw_00000103","BLDG_00152","Unknown",,"Unknown","Unknown","Unknown","Unknown","Unknown","Unknown","Unknown","Unknown","Unknown","Unknown",0,,0.0000,,0.0000,
"BldgIntrvw_00000206","BLDG_00213","Unknown",,"Unknown","Unknown","Unknown","Unknown","Unknown","Unknown","Unknown","Unknown","No","No",0,,0.0000,,0.0000,
"BldgIntrvw_00000438","BLDG_00218","Unknown",,"Unknown","Unknown","Unknown","Unknown","Unknown","Unknown","Unknown","Unknown","N/A","No",0,,0.0000,,0.0000,
"BldgIntrvw_00000270","BLDG_00219","Owner",0.0000,,"Unknown","Unknown","Unknown","Unknown","Unknown","Unknown","Unknown","N/A","No",0,,0.0000,,0.0000,
"BldgIntrvw_00000112","BLDG_00221","Owner",0.0000,,"No","No","No","No","No","No","N/A","No","Yes",1,,0.7500,,15.0000,
"BldgIntrvw_00000131","BLDG_00222","Condo association",0.0000,,"Unknown","Unknown","Unknown","Unknown","Unknown","Unknown","Unknown","N/A","No",0,,0.0000,,0.0000,
"BldgIntrvw_00000388","BLDG_00224","Property management firm",0.0000,,"Unknown","Unknown","Unknown","Unknown","Unknown","Unknown","Unknown","No","No",0,,0.0000,,0.0000,
"BldgIntrvw_00000090","BLDG_00226","Unknown",,"Unknown","Unknown","Unknown","Unknown","Unknown","Unknown","Unknown","Unknown",,"No",,"Unknown",,"Unknown",,"Unknown"
"BldgIntrvw_00000222","BLDG_00227","Tenant manager",0.0000,,"No","No","No","No","No","Yes","Unknown number of units","N/A","Unknown",0,,0.0000,,0.0000,
"BldgIntrvw_00000216","BLDG_00228","Unknown",0.0000,,"Unknown","Unknown","Unknown","Unknown","Unknown","Unknown","Unknown","No","No",0,,0.0000,,0.0000,
"BldgIntrvw_00000231","BLDG_00229","Property management firm",0.0000,,"Unknown","Unknown","Unknown","Unknown","Unknown","Unknown","Unknown","N/A","No",0,,0.0000,,0.0000,
"BldgIntrvw_00000074","BLDG_00230","Property management firm",0.2500,,"Unknown","Unknown","Unknown","Unknown","Unknown","Unknown","Unknown","Unknown","Unknown",0,,0.0000,,0.0000,
"BldgIntrvw_00000165","BLDG_00231","Condo association",,"Unknown","Unknown","Unknown","Unknown","Unknown","Unknown","Unknown","Unknown","No","No",0,,0.0000,,0.0000,
"BldgIntrvw_00000332","BLDG_00321","Unknown",,"Unknown","Unknown","Unknown","Unknown","Unknown","Unknown","Unknown","Unknown","Unknown","Unknown",0,,0.0000,,0.0000,
"BldgIntrvw_00000406","BLDG_00323","Unknown",,"Unknown","Unknown","Unknown","Unknown","Unknown","Unknown","Unknown","Unknown","Unknown","Unknown",0,,0.0000,,0.0000,
"BldgIntrvw_00000312","BLDG_00326","Unknown",,"Unknown","Unknown","Unknown","Unknown","Unknown","Unknown","Unknown","Unknown","Unknown","Unknown",0,,0.0000,,0.0000,
"BldgIntrvw_00000212","BLDG_00291","Unknown",,"Unknown","Unknown","Unknown","Unknown","Unknown","Unknown","Unknown","Unknown","Unknown","Unknown",0,,0.0000,,0.0000,
"BldgIntrvw_00000322","BLDG_00298","Unknown",,"Unknown","Unknown","Unknown","Unknown","Unknown","Unknown","Unknown","Unknown","Unknown","Unknown",0,,0.0000,,0.0000,
"BldgIntrvw_00000430","BLDG_00292","Unknown",,"Unknown","Unknown","Unknown","Unknown","Unknown","Unknown","Unknown","Unknown","Unknown","Unknown",0,,0.0000,,0.0000,
"BldgIntrvw_00000026","BLDG_00191","Unknown",,"Unknown","Unknown","Unknown","Unknown","Unknown","Unknown","Unknown","Unknown","N/A","No",0,,0.0000,,0.0000,
"BldgIntrvw_00000189","BLDG_00207","Unknown",,"Unknown","Unknown","Unknown","Unknown","Unknown","Unknown","Unknown","Unknown","N/A","No",0,,0.0000,,0.0000,
"BldgIntrvw_00000446","BLDG_00193","Unknown",,"Unknown","Unknown","Unknown","Unknown","Unknown","Unknown","Unknown","Unknown","No","No",0,,0.0000,,0.0000,
"BldgIntrvw_00000266","BLDG_00202","Tenant manager",0.0000,,"No","No","No","No","No","No","N/A","Unknown","Unknown",0,,0.0000,,0.0000,
"BldgIntrvw_00000185","BLDG_00199","Unknown",,"Unknown","Unknown","Unknown","Unknown","Unknown","Unknown","Unknown","Unknown","N/A","N/A",0,,0.0000,,0.0000,
"BldgIntrvw_00000035","BLDG_00268","Property management firm",0.1660,,"No","No","No","No","No","No","N/A","N/A","N/A",0,,0.0000,,0.0000,
"BldgIntrvw_00000051","BLDG_00287","Unknown",,"Unknown","Unknown","Unknown","Unknown","Unknown","Unknown","Unknown","Unknown","Unknown","Unknown",0,,0.0000,,0.0000,
"BldgIntrvw_00000157","BLDG_00284","Unknown",,"Unknown","Unknown","Unknown","Unknown","Unknown","Unknown","Unknown","Unknown","No","No",0,,0.0000,,0.0000,
"BldgIntrvw_00000358","BLDG_00302","Unknown",,"Unknown","Unknown","Unknown","Unknown","Unknown","Unknown","Unknown","Unknown","Unknown","Unknown",0,,0.0000,,0.0000,
"BldgIntrvw_00000128","BLDG_00013","Unknown",,"Unknown","Unknown","Unknown","Unknown","Unknown","Unknown","Unknown","Unknown","Unknown","Unknown",0,,0.0000,,0.0000,
"BldgIntrvw_00000356","BLDG_00305","Unknown",,"Unknown","Unknown","Unknown","Unknown","Unknown","Unknown","Unknown","Unknown","N/A","No",0,,0.0000,,0.0000,
"BldgIntrvw_00000010","BLDG_00303","Unknown",,"Unknown","Unknown","Unknown","Unknown","Unknown","Unknown","Unknown","Unknown","N/A","No",0,,0.0000,,0.0000,
"BldgIntrvw_00000114","BLDG_00296","Unknown",,"Unknown","Unknown","Unknown","Unknown","Unknown","Unknown","Unknown","Unknown","N/A","No",0,,0.0000,,0.0000,
"BldgIntrvw_00000194","BLDG_00282","Unknown",,"Unknown","Unknown","Unknown","Unknown","Unknown","Unknown","Unknown","Unknown","N/A","No",0,,0.0000,,0.0000,
"BldgIntrvw_00000050","BLDG_00281","Unknown",,"Unknown","Unknown","Unknown","Unknown","Unknown","Unknown","Unknown","Unknown","No","No",0,,0.0000,,0.0000,
"BldgIntrvw_00000443","BLDG_00159","Unknown",,"Unknown","Unknown","Unknown","Unknown","Unknown","Unknown","Unknown","Unknown",,"No",,"Unknown",,"Unknown",,"Unknown"
"BldgIntrvw_00000321","BLDG_00332","Unknown",,"Unknown","Unknown","Unknown","Unknown","Unknown","Unknown","Unknown","Unknown","No","No",0,,0.0000,,0.0000,
"BldgIntrvw_00000244","BLDG_00536","Unknown",,"Unknown","Unknown","Unknown","Unknown","Unknown","Unknown","Unknown","Unknown","Unknown","Unknown",0,,0.0000,,0.0000,
"BldgIntrvw_00000364","BLDG_00329","Property management firm",0.0000,,"No","No","No","No","No","No","N/A","No","No",0,,0.0000,,0.0000,
"BldgIntrvw_00000293","BLDG_00331","Property management firm",0.1100,,"No","Yes","No","No","No","No","Tenants dont like heat in floors.","No","No",0,,0.0000,,0.0000,
"BldgIntrvw_00000196","BLDG_00177","Unknown",,"Unknown","Unknown","Unknown","Unknown","Unknown","Unknown","Unknown","Unknown","No","No",0,,0.0000,,0.0000,
"BldgIntrvw_00000233","BLDG_00183","Unknown",,"Unknown","Unknown","Unknown","Unknown","Unknown","Unknown","Unknown","Unknown","Unknown","No",,"Unknown",,"Unknown",,"Unknown"
"BldgIntrvw_00000381","BLDG_00179","Unknown",,"Unknown","Unknown","Unknown","Unknown","Unknown","Unknown","Unknown","Unknown","Unknown","Unknown",0,,0.0000,,0.0000,
"BldgIntrvw_00000047","BLDG_00178","Unknown",,"Unknown","Unknown","Unknown","Unknown","Unknown","Unknown","Unknown","Unknown","No","No",0,,0.0000,,0.0000,
"BldgIntrvw_00000392","BLDG_00166","Unknown",,"Unknown","Unknown","Unknown","Unknown","Unknown","Unknown","Unknown","Unknown","Unknown","Unknown",0,,0.0000,,0.0000,
"BldgIntrvw_00000284","BLDG_00123","Unknown",,"Unknown","Unknown","Unknown","Unknown","Unknown","Unknown","Unknown","Unknown","N/A","N/A",0,,0.0000,,0.0000,
"BldgIntrvw_00000130","BLDG_00172","Unknown",,"Unknown","Unknown","Unknown","Unknown","Unknown","Unknown","Unknown","Unknown","No","No",0,,0.0000,,0.0000,
"BldgIntrvw_00000132","BLDG_00176","Tenant manager",,"Unknown","No","No","No","No","No","Yes","Rocks thrown through Windows occasionally","No","No",0,,0.0000,,0.0000,
"BldgIntrvw_00000147","BLDG_00170","Unknown",,"Unknown","Unknown","Unknown","Unknown","Unknown","Unknown","Unknown","Unknown","Unknown","Unknown",0,,0.0000,,0.0000,
"BldgIntrvw_00000023","BLDG_00133","Property management firm",0.2500,,"Unknown","Unknown","Unknown","Unknown","Unknown","Unknown","Unknown","No","No",0,,0.0000,,0.0000,
"BldgIntrvw_00000198","BLDG_00168","Unknown",,"Unknown","Unknown","Unknown","Unknown","Unknown","Unknown","Unknown","Unknown","N/A","No",0,,0.0000,,0.0000,
"BldgIntrvw_00000152","BLDG_00184","Owner",0.0000,,"Unknown","Unknown","Unknown","Unknown","Unknown","Unknown","Unknown","N/A","No",0,,0.0000,,0.0000,
"BldgIntrvw_00000139","BLDG_00167","Owner",,"Unknown","Unknown","Unknown","Unknown","Unknown","Unknown","Unknown","Unknown","N/A","No",0,,0.0000,,0.0000,
"BldgIntrvw_00000351","BLDG_00175","Unknown",,"Unknown","Unknown","Unknown","Unknown","Unknown","Unknown","Unknown","Unknown","Unknown","Unknown",0,,0.0000,,0.0000,
"BldgIntrvw_00000353","BLDG_00119","Property management firm",0.0000,,"No","Yes","No","No","Yes","No","Baseboard hard to control","No","No",0,,0.0000,,0.0000,
