"PK_ApplianceID","CK_SiteID","CK_RoomID","Type","Large Unusual Load Type","Large Unusual Load Quantity","Large Unusual Load Quantity_notes","Year of Manufacture on Nameplate","Vintage","Vintage_notes","Serial","Make","Model","Energy Star","Wifi Enabled","Well Pump Controlled by VSD","VSD Motor Input","VSD Motor Input_notes","VSD Motor Input Units","Notes","Room Name","Room Type"
"Appliance_00022623","BLDG_00232","Room_00015023","Well Pump","N/A",,"N/A","No",,"Unknown","Unknown","Unknown","Unknown","Unknown","N/A","Unknown",,"Unknown","Unknown","N/A","Outside_1","Outside"
"Appliance_00007703","SITE_00006","Room_00006442","Large Unusual Load","Unknown",1,,"No",,"Unknown","Unknown","Pro-Form","6008","Unknown","No","N/A",,"N/A","N/A","N/A","Living Room_1","Living Room"
"Appliance_00007699","SITE_00010","Room_00006483","Large Unusual Load","Engine Block Heater",1,,"No",,"Unknown","Unknown","Unknown","Unknown","Unknown","No","N/A",,"N/A","N/A","N/A","Outside_2","Outside"
"Appliance_00007704","SITE_00011","Room_00006498","Large Unusual Load","Water Feature",1,,"No",,"Unknown","Unknown","General Electric","Unknown","Yes","No","N/A",,"N/A","N/A","N/A","Dining Room_1","Dining Room"
"Appliance_00007761","SITE_00015","Room_00006530","Large Unusual Load","Massage Chair",1,,"No",,"Unknown","Unknown","Htt","Unknown","No","No","N/A",,"N/A","N/A","N/A","Family Room_1","Family Room"
"Appliance_00007762","SITE_00015","Room_00006533","Large Unusual Load","Treadmill",1,,"No",,"Unknown","Unknown","NordicTrack","T5.7","No","No","N/A",,"N/A","N/A","N/A","Family Room_2","Family Room"
"Appliance_00007698","SITE_00076","Room_00007135","Large Unusual Load","Air Compressor",1,,"No",,"Unknown","Unknown","Invacare","Home fill- II","No","No","N/A",,"N/A","N/A","Compressor and oxygen concentrator","Bedroom_1","Bedroom"
"Appliance_00007780","SITE_00089","Room_00007236","Large Unusual Load","Keyboard",2,,"No",,"Unknown","Unknown","Native","Komplete Kontrol S61","No","No","N/A",,"N/A","N/A","N/A","Living Room_1","Living Room"
"Appliance_00007779","SITE_00117","Room_00007446","Large Unusual Load","Workout Machine",1,,"No",,"Unknown","Unknown","Unknown","Unknown","No","No","N/A",,"N/A","N/A","N/A","Bedroom_1","Bedroom"
"Appliance_00007705","SITE_00138","Room_00007641","Large Unusual Load","Water Heater Pump",1,,"No",,"Unknown","Unknown","Watts","500800","Unknown","No","N/A",,"N/A","N/A","N/A","Kitchen_1","Kitchen"
"Appliance_00022628","SITE_00139","Room_00007669","Well Pump","N/A",,"N/A","No",,"Unknown","Unknown","Unknown","Unknown","Unknown","N/A","Unknown",,"Unknown","Unknown","N/A","Outside_2","Outside"
"Appliance_00007778","SITE_00142","Room_00007699","Large Unusual Load","Kiln (Electric)",1,,"No",,"Unknown","Unknown","Siter","LT-3K","No","No","N/A",,"N/A","N/A","N/A","Laundry_2","Laundry"
"Appliance_00007706","SITE_00149","Room_00007814","Large Unusual Load","Cooling Unit For Wine Room",1,,"No",,"Unknown","08I12585","Wine Guardian","24S025","No","No","N/A",,"N/A","N/A","N/A","Closet_2","Closet"
"Appliance_00007695","SITE_00154","Room_00007873","Large Unusual Load","Elliptical Machine",1,,"No",,"Unknown","Unknown","Pro-Form","Unknown","No","No","N/A",,"N/A","N/A","N/A","Other_2","Other"
"Appliance_00022626","SITE_00159","Room_00007933","Well Pump","N/A",,"N/A","No",,"Unknown","Unknown","Unknown","Unknown","No","N/A","Yes",2.40000,,"kW","Max input 10.4A 230V","Outside_2","Outside"
"Appliance_00007697","SITE_00172","Room_00008126","Large Unusual Load","Freshwater Pump (I.E. House Supply)",1,,"No",,"Unknown","405-17515-87101","Proflo","PF81","No","No","N/A",,"N/A","N/A","N/A","Garage_1","Garage"
"Appliance_00007801","SITE_00181","Room_00025551","Large Unusual Load","Space Heater",1,,"No",,"Unknown","Unknown","Florida Heat pump","CZ442WM","No","No","N/A",,"N/A","N/A","N/A","Bedroom_1","Bedroom"
"Appliance_00007802","SITE_00182","Room_00025563","Large Unusual Load","Oil Filled Radiator",1,,"No",,"Unknown","Unknown","DeLonghi","tRD0715L","No","No","N/A",,"N/A","N/A","N/A","Bathroom_2","Bathroom"
"Appliance_00007803","SITE_00189","Room_00025644","Large Unusual Load","Salon",1,,"No",,"Unknown","Unknown","Unknown","Unknown","Unknown","Unknown","N/A",,"N/A","N/A","Home has salon in refurbished single car garage space","Other_1","Other"
"Appliance_00007765","SITE_00201","Room_00008308","Large Unusual Load","Elliptical Machine",1,,"No",,"Unknown","Unknown","TRIMLINE","Unknown","No","No","N/A",,"N/A","N/A","N/A","Bedroom_6","Bedroom"
"Appliance_00007767","SITE_00219","Room_00008497","Large Unusual Load","Trash Compactor",1,,"Yes",2010,,"Unknown","General Electric","Gcg1580r0ss","No","No","N/A",,"N/A","N/A","N/A","Kitchen_1","Kitchen"
"Appliance_00007768","SITE_00219","Room_00008503","Large Unusual Load","Projector",1,,"No",,"Unknown","Unknown","Panasonic","Unknown","No","No","N/A",,"N/A","N/A","Could not access nameplate, homeowner estimated use around 2-3 hours/day","Family Room_1","Family Room"
"Appliance_00007769","SITE_00219","Room_00008505","Large Unusual Load","Water Feature",1,,"No",,"Unknown","Unknown","Unknown","Unknown","No","No","N/A",,"N/A","N/A","Includes 3 small led lights","Hall_1","Hall"
"Appliance_00007771","SITE_00220","Room_00008533","Large Unusual Load","Treadmill",1,,"No",,"Unknown","Unknown","NordicTrack","C900","No","Yes","N/A",,"N/A","N/A","N/A","Mechanical_2","Mechanical"
"Appliance_00007799","SITE_00223","Room_00008561","Large Unusual Load","Pool Pump",1,,"No",,"Unknown","Unknown","Unknown","Unknown","Unknown","No","N/A",,"N/A","N/A","N/A","Outside_2","Outside"
"Appliance_00007531","SITE_00234","Room_00000046","Large Unusual Load","Air Purifier",1,,"No",,"Unknown","Unknown","Holmes","HAP9243","Unknown","No","N/A",,"N/A","N/A","Air filter","Bedroom_6","Bedroom"
"Appliance_00007532","SITE_00236","Room_00000091","Large Unusual Load","Unknown",1,,"No",,"Unknown","Unknown","Unknown","WASH IT","Unknown","No","N/A",,"N/A","N/A","Water softener","Mechanical_1","Mechanical"
"Appliance_00007533","SITE_00236","Room_00000086","Large Unusual Load","Water Softener",1,,"No",,"Unknown","VD161052B","General Electric","GXSF30V 00","Unknown","No","N/A",,"N/A","N/A","N/A","Garage_1","Garage"
"Appliance_00007534","SITE_00240","Room_00000139","Large Unusual Load","Air Purifier",1,,"No",,"Unknown","Unknown","Honeywell","Unknown","No","No","N/A",,"N/A","N/A","N/A","Kitchen_1","Kitchen"
"Appliance_00007535","SITE_00246","Room_00000222","Large Unusual Load","Massage Chair",1,,"No",,"Unknown","Unknown","Legacy","Dwa-9100","No","No","N/A",,"N/A","N/A","N/A","Bedroom_1","Bedroom"
"Appliance_00007536","SITE_00246","Room_00000226","Large Unusual Load","Electric Organ",1,,"No",,"Unknown","Unknown","Unknown","Mac-1500","No","No","N/A",,"N/A","N/A","N/A","Dining Room_1","Dining Room"
"Appliance_00007537","SITE_00248","Room_00000256","Large Unusual Load","Tanning Bed",1,,"No",,"Unknown","Unknown","Tansyou","TY-16","No","No","N/A",,"N/A","N/A","N/A","Bedroom_2","Bedroom"
"Appliance_00007538","SITE_00259","Room_00000402","Large Unusual Load","Freshwater Pump (I.E. House Supply)",1,,"No",,"Unknown","Unknown","Unknown","Unknown","Unknown","No","N/A",,"N/A","N/A","No info anywhere.","Family Room_1","Family Room"
"Appliance_00007539","SITE_00259","Room_00000405","Large Unusual Load","Portable Cooling Fan",1,,"No",,"Unknown","204CYRNO2702","LG","Lp1311bxr","Unknown","No","N/A",,"N/A","N/A","N/A","Living Room_1","Living Room"
"Appliance_00007540","SITE_00263","Room_00000477","Large Unusual Load","House Vacuum",1,,"No",,"Unknown","006211","Electrolux","A","Unknown","No","N/A",,"N/A","N/A","N/A","Mechanical_1","Mechanical"
"Appliance_00007541","SITE_00264","Room_00000489","Large Unusual Load","Aquarium",1,,"No",,"Unknown","Unknown","Aqueon","Unknown","Unknown","No","N/A",,"N/A","N/A","N/A","Family Room_1","Family Room"
"Appliance_00022589","SITE_00265","Room_00000504","Well Pump","N/A",,"N/A","No",,"Unknown","Unknown","Unknown","Unknown","Unknown","N/A","No",1.50000,,"HP","Submersible pump in well 1.5 horsepower","Garage_1","Garage"
"Appliance_00007542","SITE_00275","Room_00000637","Large Unusual Load","Portable Cooling Fan",1,,"No",,"Unknown","Unknown","Lasko","Unknown","No","No","N/A",,"N/A","N/A","N/A","Other_1","Other"
"Appliance_00007772","SITE_00301","Room_00008789","Large Unusual Load","Exercise Equipment",1,,"No",,"Unknown","Unknown","Fuel","FE44","No","No","N/A",,"N/A","N/A","N/A","Bedroom_2","Bedroom"
"Appliance_00007543","SITE_00338","Room_00001021","Large Unusual Load","Freshwater Pump (I.E. House Supply)",1,,"No",,"Unknown","Unknown","Kinetico","Unknown","Unknown","No","N/A",,"N/A","N/A","N/A","Mechanical_1","Mechanical"
"Appliance_00007544","SITE_00345","Room_00001131","Large Unusual Load","Water Softener",1,,"No",,"Unknown","L268145069531","Autotrol","268/860","No","No","N/A",,"N/A","N/A","N/A","Garage_2","Garage"
"Appliance_00007545","SITE_00347","Room_00001154","Large Unusual Load","Aquarium",1,,"No",,"Unknown","Unknown","Unknown","Unknown","Unknown","No","N/A",,"N/A","N/A","N/A","Family Room_1","Family Room"
"Appliance_00022590","SITE_00347","Room_00001158","Well Pump","N/A",,"N/A","No",,"Unknown","Unknown","Unknown","Unknown","Unknown","N/A","Unknown",,"Unknown","Unknown","Irrigation only! Can't find data plate for horsepower or Gpm","Outside_2","Outside"
"Appliance_00007546","SITE_00349","Room_00001195","Large Unusual Load","Freshwater Pump (I.E. House Supply)",1,,"No",,"Unknown","Unknown","Unknown","Unknown","Unknown","No","N/A",,"N/A","N/A","N/A","Other_1","Other"
"Appliance_00007547","SITE_00354","Room_00001278","Large Unusual Load","Hot Tub",1,,"No",,"Unknown","Unknown","Unknown","Unknown","Unknown","No","N/A",,"N/A","N/A","N/A","Outside_2","Outside"
"Appliance_00007548","SITE_00354","Room_00001278","Large Unusual Load","Water Feature",1,,"No",,"Unknown","Unknown","Unknown","Unknown","Unknown","No","N/A",,"N/A","N/A","The runs almost year round","Outside_2","Outside"
"Appliance_00007549","SITE_00358","Room_00001329","Large Unusual Load","Ion Generating System",1,,"No",,"Unknown","Unknown","Yamazen","Unknown","Unknown","No","N/A",,"N/A","N/A","N/A","Living Room_1","Living Room"
"Appliance_00007550","SITE_00360","Room_00001359","Large Unusual Load","Food Dehydrator",1,,"No",,"Unknown","Unknown","Excalibur","Unknown","Unknown","No","N/A",,"N/A","N/A","N/A","Kitchen_1","Kitchen"
"Appliance_00007551","SITE_00362","Room_00001387","Large Unusual Load","Kiln (Electric)",1,,"No",,"Unknown","8206","Cress","Fx-23-b","No","No","N/A",,"N/A","N/A","N/A","Garage_1","Garage"
"Appliance_00007552","SITE_00362","Room_00001387","Large Unusual Load","Kiln (Electric)",1,,"No",,"Unknown","MO7187","Duncan","Es122","Unknown","No","N/A",,"N/A","N/A","N/A","Garage_1","Garage"
"Appliance_00007553","SITE_00362","Room_00001387","Large Unusual Load","Kiln (Electric)",1,,"No",,"Unknown","274300","Paragon","011p","Unknown","No","N/A",,"N/A","N/A","N/A","Garage_1","Garage"
"Appliance_00007554","SITE_00362","Room_00001387","Large Unusual Load","Air Compressor",1,,"Unknown",,"Unknown","Unknown","Powermate","C65c600v1b103","No","No","N/A",,"N/A","N/A","N/A","Garage_1","Garage"
"Appliance_00007555","SITE_00362","Room_00001393","Large Unusual Load","Water Softener",1,,"No",,"Unknown","Unknown","Kenmore","Unknown","Unknown","No","N/A",,"N/A","N/A","N/A","Mechanical_2","Mechanical"
"Appliance_00007556","SITE_00372","Room_00001550","Large Unusual Load","Treadmill",2,,"No",,"Unknown","Unknown","Sole","Unknown","No","No","N/A",,"N/A","N/A","N/A","Family Room_2","Family Room"
"Appliance_00007557","SITE_00373","Room_00001564","Large Unusual Load","Tanning Bed",1,,"No",,"Unknown","Unknown","Sunrite","Bonor90-126-447/450n 7275","No","No","N/A",,"N/A","N/A","N/A","Bedroom_1","Bedroom"
"Appliance_00007558","SITE_00375","Room_00001601","Large Unusual Load","Woodshop Stationary Tools",4,,"No",,"Unknown","Unknown","Unknown","Unknown","No","No","N/A",,"N/A","N/A","Woodshop","Other_1","Other"
"Appliance_00007559","SITE_00377","Room_00001617","Large Unusual Load","Mobility Scooter",2,,"No",,"Unknown","Unknown","Unknown","Unknown","Unknown","No","N/A",,"N/A","N/A","N/A","Bedroom_1","Bedroom"
"Appliance_00007560","SITE_00383","Room_00001716","Large Unusual Load","Cleaning Robot",1,,"No",,"Unknown","Unknown","iRobot","Unknown","Unknown","Unknown","N/A",,"N/A","N/A","N/A","Family Room_1","Family Room"
"Appliance_00007561","SITE_00384","Room_00001733","Large Unusual Load","Unknown",1,,"No",,"Unknown","Unknown","Calligan","Unknown","No","No","N/A",,"N/A","N/A","Water softener","Laundry_2","Laundry"
"Appliance_00007562","SITE_00388","Room_00001786","Large Unusual Load","Portable Heating",1,,"No",,"Unknown","Unknown","Lasko","760000","Unknown","No","N/A",,"N/A","N/A","N/A","Bedroom_2","Bedroom"
"Appliance_00022651","SITE_00404","Room_00009269","Well Pump","N/A",,"N/A","No",,"Unknown","H0727710","Unknown","Unknown","No","N/A","Yes",1.50000,,"HP","N/A","Outside_2","Outside"
"Appliance_00007766","SITE_00405","Room_00009286","Large Unusual Load","Workout Machine",1,,"No",,"Unknown","Unknown","NordicTrack","Unknown","No","No","N/A",,"N/A","N/A","N/A","Bedroom_1","Bedroom"
"Appliance_00022649","SITE_00406","Room_00009304","Well Pump","N/A",,"N/A","No",,"Unknown","Unknown","Unknown","Unknown","Unknown","N/A","No",,"Unknown","Unknown","2 hp","Outside_2","Outside"
"Appliance_00007770","SITE_00418","Room_00009482","Large Unusual Load","Air Compressor",1,,"Yes",1981,,"Unknown","Melben Products","MPCO Mfgrs. No 1067640","Unknown","No","N/A",,"N/A","N/A","N/A","Outside_2","Outside"
"Appliance_00022656","SITE_00425","Room_00009571","Well Pump","N/A",,"N/A","No",,"Unknown","Unknown","Grundfos","10530-34","Unknown","N/A","Unknown",,"Unknown","Unknown","N/A","Other_2","Other"
"Appliance_00007753","SITE_00450","Room_00009818","Large Unusual Load","Laundry Centrifuge",1,,"No",,"Unknown","60.0018.041.16.01.002275","The laundry alternative","Ipx4","No","No","N/A",,"N/A","N/A","N/A","Bathroom_7","Bathroom"
"Appliance_00007773","SITE_00493","Room_00010265","Large Unusual Load","Pool Pump",1,,"No",,"Unknown","Unknown","Krystal Clear","635T","Unknown","No","N/A",,"N/A","N/A","N/A","Outside_2","Outside"
"Appliance_00022645","SITE_00502","Room_00010402","Well Pump","N/A",,"N/A","No",,"Unknown","Unknown","Franklin Electric","FP3332-02","No","N/A","No",1.00000,,"HP","N/A","Outside_2","Outside"
"Appliance_00022819","SITE_00509","Room_00010515","Large Unusual Load","Unknown",1,,"No",,"Unknown","Unknown","Unknown","Unknown","Unknown","Yes","N/A",,"N/A","N/A","network storage system","Bedroom_1","Bedroom"
"Appliance_00022629","SITE_00511","Room_00010547","Well Pump","N/A",,"N/A","No",,"Unknown","Unknown","Unknown","Unknown","Unknown","N/A","Unknown",,"Unknown","Unknown","N/A","Outside_2","Outside"
"Appliance_00007707","SITE_00530","Room_00010747","Large Unusual Load","Garage Tools",4,,"No",,"Unknown","Unknown","Unknown","Unknown","Unknown","No","N/A",,"N/A","N/A","Not things that are really plugged in, but there's a compressor an electric welder a hydraulic car lift, many metal working tools","Garage_2","Garage"
"Appliance_00007708","SITE_00535","Room_00010815","Large Unusual Load","Pressurization Tank",1,,"No",,"Unknown","Unknown","Well Mate","WM-12","Unknown","No","N/A",,"N/A","N/A","N/A","Outside_2","Outside"
"Appliance_00022630","SITE_00535","Room_00010815","Well Pump","N/A",,"N/A","No",,"Unknown","Unknown","Pentair","SNC-L","Unknown","N/A","No",0.50000,,"HP","N/A","Outside_2","Outside"
"Appliance_00022631","SITE_00540","Room_00010897","Well Pump","N/A",,"N/A","Yes",2008,,"N/A","Well-x-trol","Wx255","No","N/A","No",,"Unknown","Unknown","N/A","Laundry_2","Laundry"
"Appliance_00007709","SITE_00541","Room_00010899","Large Unusual Load","Irrigation Pump",1,,"No",,"Unknown","Unknown","General Electric","Unknown","No","No","N/A",,"N/A","N/A","N/A","Kitchen_1","Kitchen"
"Appliance_00022632","SITE_00544","Room_00010960","Well Pump","N/A",,"N/A","No",,"Unknown","Unknown","Unknown","Unknown","Unknown","N/A","Unknown",,"Unknown","Unknown","Well pump is submersed cannot see your name plate.","Outside_2","Outside"
"Appliance_00007710","SITE_00554","Room_00011086","Large Unusual Load","Sauna",1,,"No",,"Unknown","Unknown","Sunlight Sauna","Ra","Unknown","No","N/A",,"N/A","N/A","N/A","Garage_2","Garage"
"Appliance_00022633","SITE_00555","Room_00011100","Well Pump","N/A",,"N/A","No",,"Unknown","Unknown","Goulds Pumps","2343159204","Unknown","N/A","No",,"Unknown","Unknown","N/A","Mechanical_1","Mechanical"
"Appliance_00022634","SITE_00566","Room_00011254","Well Pump","N/A",,"N/A","No",,"Unknown","Unknown","Flotec","Fp4022-10","No","N/A","No",0.75000,,"HP","Well pump and softenerCistern with sustem","Mechanical_2","Mechanical"
"Appliance_00007711","SITE_00569","Room_00011320","Large Unusual Load","Central Vac",1,,"No",,"Unknown","Unknown","Unknown","Unknown","Unknown","Unknown","N/A",,"N/A","N/A","Central vacuum","Garage_2","Garage"
"Appliance_00007735","SITE_00570","Room_00011328","Large Unusual Load","Treadmill",1,,"No",,"Unknown","Unknown","NordicTrack","Unknown","No","No","N/A",,"N/A","N/A","N/A","Other_2","Other"
"Appliance_00007737","SITE_00577","Room_00011450","Large Unusual Load","Treadmill",1,,"No",,"Unknown","Unknown","Sole","F80","Unknown","No","N/A",,"N/A","N/A","N/A","Basement_1","Basement"
"Appliance_00007738","SITE_00577","Room_00011450","Large Unusual Load","Workout",1,,"No",,"Unknown","Unknown","NordicTrack","E5.5","Unknown","No","N/A",,"N/A","N/A","N/A","Basement_1","Basement"
"Appliance_00022635","SITE_00578","Room_00011469","Well Pump","N/A",,"N/A","No",,"Unknown","Unknown","Unknown","Unknown","Unknown","N/A","Unknown",,"Unknown","Unknown","Pump not accessible","Outside_2","Outside"
"Appliance_00007712","SITE_00598","Room_00011712","Large Unusual Load","Water Feature",1,,"No",,"Unknown","Unknown","Unknown","Unknown","No","No","N/A",,"N/A","N/A","One 20 gallon heated/filtered fish tank","Family Room_1","Family Room"
"Appliance_00007743","SITE_00612","Room_00011889","Large Unusual Load","Irrigation Pump",1,,"No",,"Unknown","21912J2","Century","7-193800-01","No","No","N/A",,"N/A","N/A","N/A","Outside_2","Outside"
"Appliance_00007744","SITE_00612","Room_00011900","Large Unusual Load","Respirator Assist",1,,"No",,"Unknown","0316498","Everflo","1020000","Unknown","No","N/A",,"N/A","N/A","N/A","Bedroom_1","Bedroom"
"Appliance_00007739","SITE_00616","Room_00011961","Large Unusual Load","Pool Pump",1,,"No",,"Unknown","06711FM","Hayward","C48d43a04","Unknown","No","N/A",,"N/A","N/A","N/A","Other_2","Other"
"Appliance_00007740","SITE_00616","Room_00011961","Large Unusual Load","Heated Pool",1,,"Yes",2008,,"Unknown","Aic","08g466001","Unknown","No","N/A",,"N/A","N/A","N/A","Other_2","Other"
"Appliance_00022642","SITE_00618","Room_00011985","Well Pump","N/A",,"N/A","No",,"Unknown","Unknown","Well-x-trol","Wx-252","No","N/A","No",,"Unknown","Unknown","N/A","Outside_2","Outside"
"Appliance_00007733","SITE_00622","Room_00012040","Large Unusual Load","Sauna",1,,"No",,"Unknown","Unknown","Harvia","KV-45-1","Unknown","No","N/A",,"N/A","N/A","4.5kw","Bathroom_2","Bathroom"
"Appliance_00007736","SITE_00624","Room_00012072","Large Unusual Load","Treadmill",1,,"No",,"Unknown","Unknown","NordicTrack","T6.5S","No","No","N/A",,"N/A","N/A","N/A","Bedroom_2","Bedroom"
"Appliance_00007741","SITE_00632","Room_00012155","Large Unusual Load","Water Feature",1,,"No",,"Unknown","Unknown","Unknown","Unknown","No","No","N/A",,"N/A","N/A","N/A","Outside_2","Outside"
"Appliance_00007734","SITE_00637","Room_00012211","Large Unusual Load","Sump Pump",1,,"No",,"Unknown","Unknown","Unknown","Unknown","No","No","N/A",,"N/A","N/A","N/A","Basement_2","Basement"
"Appliance_00007713","SITE_00638","Room_00012234","Large Unusual Load","Oxygen Machine",1,,"No",,"Unknown","Unknown","Unknown","Unknown","No","No","N/A",,"N/A","N/A","Supplies oxygen for occupant","Bedroom_1","Bedroom"
"Appliance_00007714","SITE_00693","Room_00012840","Large Unusual Load","Workout",1,,"No",,"Unknown","Unknown","Schwin","920elite","Unknown","No","N/A",,"N/A","N/A","N/A","Office_1","Office"
"Appliance_00007751","SITE_00696","Room_00012890","Large Unusual Load","Workout",1,,"No",,"Unknown","Unknown","Sole","Unknown","No","No","N/A",,"N/A","N/A","N/A","Basement_1","Basement"
"Appliance_00007758","SITE_00703","Room_00012979","Large Unusual Load","Water Softener",1,,"No",,"Unknown","Unknown","easywater","3500","Unknown","No","N/A",,"N/A","N/A","N/A","Mechanical_2","Mechanical"
"Appliance_00007759","SITE_00703","Room_00012979","Large Unusual Load","Hot Water Circ Pump",1,,"No",,"Unknown","Unknown","taco","003-bc4-php","Unknown","No","N/A",,"N/A","N/A","N/A","Mechanical_2","Mechanical"
"Appliance_00007754","SITE_00704","Room_00012983","Large Unusual Load","Water Feature",4,,"No",,"Unknown","Unknown","Unknown","Unknown","Unknown","No","N/A",,"N/A","N/A","N/A","Outside_2","Outside"
"Appliance_00022647","SITE_00707","Room_00013041","Well Pump","N/A",,"N/A","Yes",2006,,"N/A","Franklin Electric","5870203380D","No","N/A","Yes",1.50000,,"HP","Just controller, no access to actual pump","Mechanical_2","Mechanical"
"Appliance_00022648","SITE_00710","Room_00013075","Well Pump","N/A",,"N/A","No",,"Unknown","Unknown","Unknown","Unknown","Unknown","N/A","No",,"Unknown","Unknown","No access","Outside_2","Outside"
"Appliance_00022646","SITE_00711","Room_00013120","Well Pump","N/A",,"N/A","No",,"Unknown","Unknown","Unknown","Unknown","Unknown","N/A","Unknown",,"Unknown","Unknown","Well pump inaccessible and pump details buried and also inaccessible, according to owner","Outside_2","Outside"
"Appliance_00022644","SITE_00724","Room_00013285","Well Pump","N/A",,"N/A","No",,"Unknown","Unknown","Pentair","011018","Yes","N/A","Yes",3.00000,,"HP","3 hpIntelliflowX2 pumps","Outside_2","Outside"
"Appliance_00007752","SITE_00736","Room_00013491","Large Unusual Load","Hot Water Circ Pump",1,,"No",,"Unknown","Unknown","Unknown","Unknown","Unknown","No","N/A",,"N/A","N/A","N/A","Garage_2","Garage"
"Appliance_00007800","SITE_00739","Room_00013524","Large Unusual Load","Air Compressor",1,,"No",,"Unknown","Unknown","Sears","919.165250","No","No","N/A",,"N/A","N/A","5 hp","Garage_2","Garage"
"Appliance_00007757","SITE_00741","Room_00013571","Large Unusual Load","Pool Pump",1,,"No",,"Unknown","7C98","Hayward","C48J2N131B3","Unknown","No","N/A",,"N/A","N/A","N/A","Other_2","Other"
"Appliance_00007746","SITE_00756","Room_00013772","Large Unusual Load","Towel Heater",2,,"No",,"Unknown","Unknown","Warmrails","Sw480","No","No","N/A",,"N/A","N/A","N/A","Laundry_1","Laundry"
"Appliance_00007747","SITE_00756","Room_00013776","Large Unusual Load","Towel Heater",1,,"Yes",2006,,"Unknown","Warmrails","Unknown","No","No","N/A",,"N/A","N/A","N/A","Bathroom_2","Bathroom"
"Appliance_00007748","SITE_00756","Room_00013778","Large Unusual Load","Towel Heater",1,,"Yes",2006,,"Unknown","Warmrails","226525","No","No","N/A",,"N/A","N/A","N/A","Bathroom_3","Bathroom"
"Appliance_00007749","SITE_00756","Room_00013781","Large Unusual Load","Towel Heater",1,,"No",,"Unknown","Unknown","Warmrails","Unknown","No","No","N/A",,"N/A","N/A","N/A","Bedroom_3","Bedroom"
"Appliance_00007745","SITE_00763","Room_00013921","Large Unusual Load","Pop Dispenser",1,,"No",,"Unknown","Unknown","Unknown","Unknown","No","No","N/A",,"N/A","N/A","Hooked up about 50% of the time.","Garage_1","Garage"
"Appliance_00007755","SITE_00773","Room_00014057","Large Unusual Load","Kiln (Electric)",1,,"No",,"Unknown","041408-C-LAG","LL Kilns","X3236-d","Unknown","No","N/A",,"N/A","N/A","N/A","Garage_2","Garage"
"Appliance_00007750","SITE_00781","Room_00014191","Large Unusual Load","Workout",1,,"No",,"Unknown","Unknown","Pro-Form","545s","No","No","N/A",,"N/A","N/A","Never used","Hall_1","Hall"
"Appliance_00007756","SITE_00785","Room_00014240","Large Unusual Load","Sauna",1,,"No",,"Unknown","Unknown","Golden Designs","Unknown","Unknown","No","N/A",,"N/A","N/A","N/A","Bedroom_1","Bedroom"
"Appliance_00007702","SITE_00805","Room_00014456","Large Unusual Load","Water Feature",1,,"No",,"Unknown","Unknown","Unknown","Unknown","No","No","N/A",,"N/A","N/A","10 gallon aquarium. Filter, heater and water bubbler","Kitchen_1","Kitchen"
"Appliance_00022650","SITE_00852","Room_00014853","Well Pump","N/A",,"N/A","No",,"Unknown","Unknown","Unknown","Unknown","Unknown","N/A","Unknown",,"Unknown","Unknown","Buried","Garage_2","Garage"
"Appliance_00022657","SITE_00856","Room_00014916","Well Pump","N/A",,"N/A","No",,"Unknown","Unknown","Unknown","Unknown","Unknown","N/A","Unknown",,"Unknown","Unknown","Could not access","Outside_2","Outside"
"Appliance_00022658","SITE_00860","Room_00014978","Well Pump","N/A",,"N/A","No",,"Unknown","Unknown","Baker MFG CO","Unknown","Unknown","N/A","Unknown",,"Unknown","Unknown","N/A","Outside_2","Outside"
"Appliance_00007563","SITE_00866","Room_00001871","Large Unusual Load","Water Softener",1,,"No",,"Unknown","Unknown","Culligan","Unknown","Unknown","No","N/A",,"N/A","N/A","N/A","Hall_1","Hall"
"Appliance_00022591","SITE_00866","Room_00001876","Well Pump","N/A",,"N/A","No",,"Unknown","Unknown","Unknown","Unknown","Unknown","N/A","No",,"Unknown","Unknown","N/A","Outside_2","Outside"
"Appliance_00022592","SITE_00869","Room_00001912","Well Pump","N/A",,"N/A","No",,"Unknown","Unknown","Franklin Electric","5870203380","Unknown","N/A","Yes",2.25000,,"kW","N/A","Outside_2","Outside"
"Appliance_00022593","SITE_00871","Room_00001934","Well Pump","N/A",,"N/A","No",,"Unknown","Unknown","Dicken Manu Company","CC-6","No","N/A","Unknown",,"Unknown","Unknown","N/A","Outside_2","Outside"
"Appliance_00007564","SITE_00871","Room_00001934","Large Unusual Load","Water Softner",1,,"No",,"Unknown","723622","Culligan","00403561","Unknown","No","N/A",,"N/A","N/A","N/A","Outside_2","Outside"
"Appliance_00022620","SITE_00885","Room_00015008","Well Pump","N/A",,"N/A","No",,"Unknown","001E13D","Flotec","Fp4012-10","No","N/A","No",0.50000,,"HP","N/A","Outside_2","Outside"
"Appliance_00007565","SITE_00887","Room_00002116","Large Unusual Load","Aquarium",1,,"No",,"Unknown","Unknown","Unknown","Unknown","Unknown","No","N/A",,"N/A","N/A","N/A","Living Room_1","Living Room"
"Appliance_00007566","SITE_00897","Room_00002212","Large Unusual Load","Water Softener",1,,"No",,"Unknown","0034823B0D1009","Watergroup","5600MI948-100","No","No","N/A",,"N/A","N/A","N/A","Garage_2","Garage"
"Appliance_00022594","SITE_00897","Room_00002212","Well Pump","N/A",,"N/A","No",,"Unknown","Unknown","Franklin Electric","2801054915","No","N/A","Unknown",,"Unknown","Unknown","1/2HP","Garage_2","Garage"
"Appliance_00007567","SITE_00899","Room_00002250","Large Unusual Load","Treadmill",1,,"No",,"Unknown","Unknown","Reebok","8000 es","No","No","N/A",,"N/A","N/A","N/A","Other_1","Other"
"Appliance_00007568","SITE_00899","Room_00002248","Large Unusual Load","Sauna",1,,"No",,"Unknown","Unknown","LuxSauna","Unknown","Unknown","No","N/A",,"N/A","N/A","N/A","Laundry_2","Laundry"
"Appliance_00007569","SITE_00901","Room_00002265","Large Unusual Load","Air Compressor",1,,"No",,"Unknown","Unknown","Central Pneumatic","40400","No","No","N/A",,"N/A","N/A","N/A","Garage_1","Garage"
"Appliance_00007570","SITE_00901","Room_00002265","Large Unusual Load","Welder (Electric)",1,,"No",,"Unknown","Unknown","Lincoln Electric","7533711","No","No","N/A",,"N/A","N/A","N/A","Garage_1","Garage"
"Appliance_00007571","SITE_00903","Room_00002298","Large Unusual Load","Water Softner",1,,"No",,"Unknown","Unknown","Waterboss","700","No","No","N/A",,"N/A","N/A","N/A","Outside_2","Outside"
"Appliance_00022621","SITE_00914","Room_00015034","Well Pump","N/A",,"N/A","No",,"Unknown","14413J2","Red Lion","S48e11b67","Unknown","N/A","Unknown",,"Unknown","Unknown","N/A","Outside_2","Outside"
"Appliance_00007572","SITE_00916","Room_00002436","Large Unusual Load","Rv Trailer",1,,"No",,"Unknown","Unknown","Unknown","Unknown","No","No","N/A",,"N/A","N/A","N/A","Outside_2","Outside"
"Appliance_00022595","SITE_00916","Room_00002436","Well Pump","N/A",,"N/A","No",,"Unknown","Unknown","Red Jacket","Unknown","No","N/A","No",,"Unknown","Unknown",".5 HP","Outside_2","Outside"
"Appliance_00007573","SITE_00920","Room_00002477","Large Unusual Load","Oxygen Machine",1,,"No",,"Unknown","1125073","Invacare","Platinum 10","No","No","N/A",,"N/A","N/A","Oxygen concentrator Running 24/7","Living Room_1","Living Room"
"Appliance_00007574","SITE_00920","Room_00002474","Large Unusual Load","Shop Vac",1,,"Yes",2008,,"Unknown","Delta","50-760","Unknown","No","N/A",,"N/A","N/A","N/A","Garage_2","Garage"
"Appliance_00007575","SITE_00922","Room_00002508","Large Unusual Load","Water Softener",1,,"No",,"Unknown","Unknown","Waterboss","700","Unknown","No","N/A",,"N/A","N/A","Water softener","Mechanical_2","Mechanical"
"Appliance_00022596","SITE_00922","Room_00002511","Well Pump","N/A",,"N/A","No",,"Unknown","673 987","Myers","Hj50s","No","N/A","No",0.50000,,"HP","N/A","Outside_2","Outside"
"Appliance_00022597","SITE_00925","Room_00002533","Well Pump","N/A",,"N/A","No",,"Unknown","Unknown","Red Jacket","50cn1-cn9bc","No","N/A","No",,"Unknown","Unknown","N/A","Outside_1","Outside"
"Appliance_00007576","SITE_00926","Room_00002538","Large Unusual Load","Metal Lathe",1,,"No",,"Unknown","Unknown","Central Machinery","T33274","Unknown","No","N/A",,"N/A","N/A","N/A","Garage_2","Garage"
"Appliance_00007577","SITE_00927","Room_00002552","Large Unusual Load","Oxygen Machine",1,,"No",,"Unknown","Unknown","Invacare","Platinum XL","No","No","N/A",,"N/A","N/A","N/A","Laundry_1","Laundry"
"Appliance_00007578","SITE_00928","Room_00002559","Large Unusual Load","Exercise Equipment",2,,"No",,"Unknown","Unknown","Unknown","Unknown","No","No","N/A",,"N/A","N/A","N/A","Bedroom_2","Bedroom"
"Appliance_00022598","SITE_00929","Room_00002583","Well Pump","N/A",,"N/A","No",,"Unknown","Unknown","Unknown","Unknown","Unknown","N/A","No",,"Unknown","Unknown","Well assist pump in basement.","Outside_2","Outside"
"Appliance_00022599","SITE_00932","Room_00002608","Well Pump","N/A",,"N/A","No",,"Unknown","Unknown","Unknown","Unknown","Unknown","N/A","No",,"Unknown","Unknown","N/A","Outside_2","Outside"
"Appliance_00022600","SITE_00933","Room_00002616","Well Pump","N/A",,"N/A","No",,"Unknown","Unknown","Unknown","Unknown","No","N/A","No",,"Unknown","Unknown","Could not access","Garage_2","Garage"
"Appliance_00007579","SITE_00933","Room_00002616","Large Unusual Load","Welder (Electric)",1,,"No",,"Unknown","Unknown","Forney","F180","No","No","N/A",,"N/A","N/A","In outbuilding on separate meter","Garage_2","Garage"
"Appliance_00007580","SITE_00933","Room_00002616","Large Unusual Load","Welder (Electric)",1,,"No",,"Unknown","44567","Chicago Electric Welding Systems","Migg-100","No","No","N/A",,"N/A","N/A","N/A","Garage_2","Garage"
"Appliance_00007581","SITE_00933","Room_00002616","Large Unusual Load","Air Compressor",1,,"No",,"Unknown","Unknown","Devilbiss","PAF430","No","No","N/A",,"N/A","N/A","N/A","Garage_2","Garage"
"Appliance_00022601","SITE_00936","Room_00002656","Well Pump","N/A",,"N/A","No",,"Unknown","Unknown","Unknown","Unknown","Unknown","N/A","Unknown",,"Unknown","Unknown","Well pump sealed off.","Outside_2","Outside"
"Appliance_00007651","SITE_00944","Room_00015076","Large Unusual Load","Oxygen Machine",1,,"No",,"Unknown","Unknown","Invacare","Ioh200","Unknown","No","N/A",,"N/A","N/A","N/A","Bedroom_1","Bedroom"
"Appliance_00007668","SITE_00953","Room_00015102","Large Unusual Load","Water Feature",1,,"No",,"Unknown","Unknown","Aqua-tech","5-15","No","No","N/A",,"N/A","N/A","10 gallon aquarium with filter","Living Room_1","Living Room"
"Appliance_00007669","SITE_00953","Room_00015103","Large Unusual Load","Large Uninterrupted Power Supply",1,,"No",,"Unknown","3B1222X37526","American Power Conversion","Be650mc","No","No","N/A",,"N/A","N/A","N/A","Bedroom_1","Bedroom"
"Appliance_00007670","SITE_00953","Room_00015103","Large Unusual Load","Electric Wheelchair Charger",1,,"No",,"Unknown","E317868 3RDZ","Invacare","Ws230-1a","No","No","N/A",,"N/A","N/A","N/A","Bedroom_1","Bedroom"
"Appliance_00007671","SITE_00953","Room_00015105","Large Unusual Load","Electric Door",1,,"No",,"Unknown","Unknown","Power access corp.","Unknown","No","No","N/A",,"N/A","N/A","N/A","Hall_1","Hall"
"Appliance_00007582","SITE_00957","Room_00002780","Large Unusual Load","Treadmill",1,,"No",,"Unknown","Unknown","NordicTrack","A2105","No","No","N/A",,"N/A","N/A","N/A","Living Room_1","Living Room"
"Appliance_00007583","SITE_00959","Room_00002800","Large Unusual Load","Air Purifier",1,,"No",,"Unknown","D-05-11-00990","Alen","Unknown","Unknown","No","N/A",,"N/A","N/A","N/A","Bedroom_3","Bedroom"
"Appliance_00007646","SITE_00962","Room_00015163","Large Unusual Load","Elliptical Machine",1,,"No",,"Unknown","Unknown","Healthrider","Unknown","No","No","N/A",,"N/A","N/A","N/A","Basement_1","Basement"
"Appliance_00007647","SITE_00962","Room_00015163","Large Unusual Load","Treadmill",1,,"No",,"Unknown","Unknown","We lo","Cadenc g-40","No","No","N/A",,"N/A","N/A","N/A","Basement_1","Basement"
"Appliance_00007584","SITE_00964","Room_00002858","Large Unusual Load","Treadmill",1,,"No",,"Unknown","Unknown","Weslo","Cadence G 5.9","No","No","N/A",,"N/A","N/A","N/A","Bedroom_6","Bedroom"
"Appliance_00007585","SITE_00965","Room_00002879","Large Unusual Load","Sump Pump",1,,"Yes",2009,,"Unknown","Utilitech","57522-utl1","No","No","N/A",,"N/A","N/A","This looks like it was installed to be used if the basement floods","Outside_2","Outside"
"Appliance_00007586","SITE_00965","Room_00002879","Large Unusual Load","Water Pump",1,,"No",,"Unknown","Unknown","Unknown","Unknown","Unknown","Unknown","N/A",,"N/A","N/A","There is a pump in the basement that pumps bathroom black/greywater to the ground level","Outside_2","Outside"
"Appliance_00022602","SITE_00965","Room_00002879","Well Pump","N/A",,"N/A","No",,"Unknown","Unknown","Craftsman","390.284031","Unknown","N/A","No",,"Unknown","Unknown","N/A","Outside_2","Outside"
"Appliance_00007587","SITE_00969","Room_00002920","Large Unusual Load","Fitness Bike",1,,"No",,"Unknown","Unknown","Vision fitness","Unknown","Unknown","No","N/A",,"N/A","N/A","Fitness bike no info","Bedroom_4","Bedroom"
"Appliance_00022603","SITE_00971","Room_00002964","Well Pump","N/A",,"N/A","No",,"Unknown","Unknown","Unknown","Unknown","Unknown","N/A","No",,"Unknown","Unknown","N/A","Outside_2","Outside"
"Appliance_00022604","SITE_00973","Room_00002994","Well Pump","N/A",,"N/A","No",,"Unknown","Unknown","Harvard","Unknown","Unknown","N/A","Unknown",,"Unknown","Unknown","N/A","Outside_2","Outside"
"Appliance_00007588","SITE_00973","Room_00002994","Large Unusual Load","Water Softner",1,,"No",,"Unknown","01062240","Kinetico","60","No","No","N/A",,"N/A","N/A","N/A","Outside_2","Outside"
"Appliance_00007589","SITE_00976","Room_00003015","Large Unusual Load","Water Pressure Device",1,,"No",,"Unknown","13299040","Well Mate","Wm-12","No","No","N/A",,"N/A","N/A","N/A","Outside_2","Outside"
"Appliance_00022605","SITE_00976","Room_00003015","Well Pump","N/A",,"N/A","No",,"Unknown","Unknown","Emerson","C55cxhtp-4253","No","N/A","No",,"Unknown","Unknown","Used for irrigation only","Outside_2","Outside"
"Appliance_00022606","SITE_00976","Room_00003015","Well Pump","N/A",,"N/A","No",,"Unknown","Unknown","Unknown","Unknown","Unknown","N/A","Unknown",,"Unknown","Unknown","Could not access","Outside_2","Outside"
"Appliance_00007590","SITE_00980","Room_00003083","Large Unusual Load","Water Feature",1,,"No",,"Unknown","Unknown","Unknown","Unknown","Unknown","No","N/A",,"N/A","N/A","N/A","Outside_2","Outside"
"Appliance_00007591","SITE_00984","Room_00003143","Large Unusual Load","Freshwater Pump (I.E. House Supply)",6,,"No",,"Unknown","E63138","Tetra Whisper","T3","No","No","N/A",,"N/A","N/A","Water filter for aquariums, 11W each","Living Room_1","Living Room"
"Appliance_00007592","SITE_00984","Room_00003143","Large Unusual Load","Aquarium",1,,"No",,"Unknown","Unknown","Topfin","Air-8000","No","No","N/A",,"N/A","N/A","7W each","Living Room_1","Living Room"
"Appliance_00007593","SITE_00984","Room_00003143","Large Unusual Load","Freshwater Pump (I.E. House Supply)",2,,"No",,"Unknown","Unknown","Petco","King-225","No","No","N/A",,"N/A","N/A","10W each","Living Room_1","Living Room"
"Appliance_00007594","SITE_00984","Room_00003143","Large Unusual Load","Freshwater Pump (I.E. House Supply)",1,,"No",,"Unknown","Unknown","Unknown","Unknown","No","No","N/A",,"N/A","N/A","No nameplate information","Living Room_1","Living Room"
"Appliance_00007595","SITE_00984","Room_00003139","Large Unusual Load","Aquarium",1,,"Yes",2008,,"Unknown","Million Air","Ma-100","Unknown","No","N/A",,"N/A","N/A","N/A","Bedroom_6","Bedroom"
"Appliance_00007596","SITE_00987","Room_00003200","Large Unusual Load","Water Softner",1,,"No",,"Unknown","Unknown","Culligan","Unknown","Unknown","No","N/A",,"N/A","N/A","N/A","Outside_2","Outside"
"Appliance_00022607","SITE_00987","Room_00003200","Well Pump","N/A",,"N/A","No",,"Unknown","Unknown","Unknown","Unknown","Unknown","N/A","No",,"Unknown","Unknown","N/A","Outside_2","Outside"
"Appliance_00022608","SITE_00992","Room_00003263","Well Pump","N/A",,"N/A","No",,"Unknown","Unknown","Unknown","Unknown","No","N/A","Unknown",,"Unknown","Unknown","N/A","Outside_2","Outside"
"Appliance_00007597","SITE_00992","Room_00003260","Large Unusual Load","Water Conditioner",1,,"No",,"Unknown","Unknown","Autotrol","1550-TC","No","No","N/A",,"N/A","N/A","Water softener","Laundry_2","Laundry"
"Appliance_00022609","SITE_00995","Room_00003300","Well Pump","N/A",,"N/A","Unknown",,"Unknown","Unknown","Neptune","R900","No","N/A","Unknown",,"Unknown","Unknown","N/A","Other_2","Other"
"Appliance_00007598","SITE_00996","Room_00003320","Large Unusual Load","Water Pressure Device",1,,"No",,"Unknown","1J03L","Flotec","Fp7130-08","No","No","N/A",,"N/A","N/A","This equipment is used to pressurize the water system in the home. Installed in 2014","Outside_2","Outside"
"Appliance_00007599","SITE_01000","Room_00003374","Large Unusual Load","Welder (Electric)",2,,"No",,"Unknown","Unknown","Unknown","Unknown","No","No","N/A",,"N/A","N/A","N/A","Garage_2","Garage"
"Appliance_00007600","SITE_01000","Room_00003374","Large Unusual Load","Woodshop Stationary Tools",4,,"No",,"Unknown","Unknown","Unknown","Unknown","No","No","N/A",,"N/A","N/A","Drill press, table saw, radial arm saw, router,  battery charger, grinder, etc.Hand power tools also that are being used heavily this week as they build a gazebo.  Normally tools used about once a week.","Garage_2","Garage"
"Appliance_00007601","SITE_01000","Room_00003374","Large Unusual Load","Electric Furnace",2,,"No",,"Unknown","Unknown","Mound master","Unknown","No","No","N/A",,"N/A","N/A","1000 watts","Garage_2","Garage"
"Appliance_00007602","SITE_01000","Room_00003374","Large Unusual Load","Air Compressor",1,,"No",,"Unknown","Unknown","Unknown","Unknown","No","No","N/A",,"N/A","N/A","N/A","Garage_2","Garage"
"Appliance_00022610","SITE_01000","Room_00003374","Well Pump","N/A",,"N/A","No",,"Unknown","Unknown","Unknown","Unknown","Unknown","N/A","No",,"Unknown","Unknown","Well is 450 feet deep","Garage_2","Garage"
"Appliance_00022611","SITE_01001","Room_00003390","Well Pump","N/A",,"N/A","No",,"Unknown","Unknown","Unknown","Unknown","Unknown","N/A","No",0.75000,,"HP","Owner says 3/4 hp pump","Outside_2","Outside"
"Appliance_00007603","SITE_01001","Room_00003390","Large Unusual Load","Water Pressure Device",1,,"No",,"Unknown","Unknown","Amtrol","Unknown","Unknown","No","N/A",,"N/A","N/A","N/A","Outside_2","Outside"
"Appliance_00007604","SITE_01004","Room_00003411","Large Unusual Load","Limited Vision Reader",1,,"No",,"Unknown","A09-1610419","Merlin","MR","No","No","N/A",,"N/A","N/A","N/A","Living Room_1","Living Room"
"Appliance_00007649","SITE_01005","Room_00015239","Large Unusual Load","Water Feature",1,,"No",,"Unknown","Unknown","Aqueon","Unknown","No","No","N/A",,"N/A","N/A","15 gallon fish tank and filter","Family Room_1","Family Room"
"Appliance_00022612","SITE_01006","Room_00003423","Well Pump","N/A",,"N/A","No",,"Unknown","Unknown","Unknown","Unknown","Unknown","N/A","Unknown",,"Unknown","Unknown","Buried well pump","Outside_2","Outside"
"Appliance_00007672","SITE_01008","Room_00015271","Large Unusual Load","Trash Compactor",1,,"No",,"Unknown","Unknown","KitchenAid","Superba","No","No","N/A",,"N/A","N/A","N/A","Kitchen_1","Kitchen"
"Appliance_00022613","SITE_01014","Room_00003521","Well Pump","N/A",,"N/A","No",,"Unknown","PLJ090412","General Electric","5kh39cn5501ex","Unknown","N/A","No",,"Unknown","Unknown","N/A","Other_2","Other"
"Appliance_00007652","SITE_01015","Room_00015291","Large Unusual Load","Powered Chair",1,,"Yes",2014,,"Unknown","Southern Motion","Unknown","Unknown","No","N/A",,"N/A","N/A","Chair with powered recline/motion as well as 2 usb ports, in use with electronics chargers","Living Room_1","Living Room"
"Appliance_00007680","SITE_01017","Room_00015308","Large Unusual Load","Water Feature",1,,"No",,"Unknown","Unknown","Unknown","Unknown","No","No","N/A",,"N/A","N/A","38 gallon fish tank","Family Room_1","Family Room"
"Appliance_00007605","SITE_01023","Room_00003622","Large Unusual Load","Water Feature",1,,"No",,"Unknown","Unknown","Unknown","Unknown","Unknown","No","N/A",,"N/A","N/A","N/A","Outside_2","Outside"
"Appliance_00007606","SITE_01024","Room_00003646","Large Unusual Load","Water Softener",1,,"No",,"Unknown","3835001-12136-1141","Kenmore","625.383500","Unknown","No","N/A",,"N/A","N/A","N/A","Mechanical_2","Mechanical"
"Appliance_00007653","SITE_01025","Room_00015325","Large Unusual Load","Water Feature",1,,"No",,"Unknown","Unknown","Aqueon","Unknown","No","No","N/A",,"N/A","N/A","20 gallon fish tank with aqueon filter","Living Room_1","Living Room"
"Appliance_00022614","SITE_01030","Room_00003684","Well Pump","N/A",,"N/A","No",,"Unknown","Unknown","Goulds Pumps","2801074915","Unknown","N/A","Unknown",,"Unknown","Unknown","Pump from well to cistern","Laundry_1","Laundry"
"Appliance_00022615","SITE_01030","Room_00003684","Well Pump","N/A",,"N/A","No",,"Unknown","8G03","Goulds Pumps","C48A93A08","Unknown","N/A","Unknown",,"Unknown","Unknown","Pump from cistern to house","Laundry_1","Laundry"
"Appliance_00022616","SITE_01030","Room_00003685","Well Pump","N/A",,"N/A","No",,"Unknown","8G03","A.O. Smith","C48a93a06","No","N/A","No",,"Unknown","Unknown","N/A","Laundry_1","Laundry"
"Appliance_00022622","SITE_01033","Room_00015386","Well Pump","N/A",,"N/A","No",,"Unknown","SYU260075","Myers","5kcr39sn2704ex","Unknown","N/A","Unknown",,"Unknown","Unknown","N/A","Outside_2","Outside"
"Appliance_00022617","SITE_01037","Room_00003764","Well Pump","N/A",,"N/A","No",,"Unknown","Unknown","Monitor","Unknown","Unknown","N/A","No",,"Unknown","Unknown","N/A","Outside_2","Outside"
"Appliance_00007607","SITE_01037","Room_00003755","Large Unusual Load","Whole Home Central Vacuum",1,,"No",,"Unknown","960101235","Beam","2100","No","No","N/A",,"N/A","N/A","N/A","Garage_2","Garage"
"Appliance_00022618","SITE_01040","Room_00003803","Well Pump","N/A",,"N/A","No",,"Unknown","Unknown","Unknown","Unknown","No","N/A","Unknown",0.75000,,"HP",".75 HP, not accesible","Outside_2","Outside"
"Appliance_00007608","SITE_01045","Room_00003845","Large Unusual Load","Aquarium",1,,"No",,"Unknown","Unknown","Unknown","Unknown","No","No","N/A",,"N/A","N/A","N/A","Family Room_1","Family Room"
"Appliance_00007648","SITE_01048","Room_00015447","Large Unusual Load","Smart Home Device",1,,"No",,"Unknown","Unknown","Vivent","Unknown","Unknown","Yes","N/A",,"N/A","N/A","N/A","Hall_1","Hall"
"Appliance_00007609","SITE_01049","Room_00003888","Large Unusual Load","Water Pressure Device",1,,"No",,"Unknown","0306M993582","Myers","3nfl72-12","No","No","N/A",,"N/A","N/A","N/A","Outside_2","Outside"
"Appliance_00007610","SITE_01064","Room_00004005","Large Unusual Load","Pool Pump",1,,"No",,"Unknown","Unknown","Alpine Corporation","PAL8000","No","No","N/A",,"N/A","N/A","Pump for fishpond","Outside_2","Outside"
"Appliance_00007611","SITE_01064","Room_00004005","Large Unusual Load","Pool Pump",2,,"No",,"Unknown","Unknown","Geoglobal Partners","DP560","No","No","N/A",,"N/A","N/A","Fish pond pump","Outside_2","Outside"
"Appliance_00007612","SITE_01064","Room_00004005","Large Unusual Load","Water Filter",1,,"No",,"Unknown","462683-00386881","MacClean","5P335","No","No","N/A",,"N/A","N/A","N/A","Outside_2","Outside"
"Appliance_00007613","SITE_01064","Room_00004005","Large Unusual Load","Water Softner",1,,"No",,"Unknown","GM101237B","General Electric","GXSF40H 02","No","No","N/A",,"N/A","N/A","N/A","Outside_2","Outside"
"Appliance_00007614","SITE_01064","Room_00003998","Large Unusual Load","Kiln (Electric)",1,,"No",,"Unknown","731","Skutt Electric Kiln","145","No","No","N/A",,"N/A","N/A","N/A","Garage_2","Garage"
"Appliance_00007615","SITE_01064","Room_00003998","Large Unusual Load","Kiln (Electric)",1,,"No",,"Unknown","1275","Skutt Electric Kiln","231-18","No","No","N/A",,"N/A","N/A","N/A","Garage_2","Garage"
"Appliance_00007616","SITE_01064","Room_00003998","Large Unusual Load","Welder (Electric)",1,,"No",,"Unknown","10207-U1950700542","Lincoln Electric","Weld-Pak 100","No","No","N/A",,"N/A","N/A","N/A","Garage_2","Garage"
"Appliance_00022619","SITE_01064","Room_00004005","Well Pump","N/A",,"N/A","No",,"Unknown","Unknown","American Granby","Unknown","No","N/A","No",,"Unknown","Unknown","Owner says 1 horsepower","Outside_2","Outside"
"Appliance_00007673","SITE_01067","Room_00015616","Large Unusual Load","Water Pressure Tank",1,,"Yes",2007,,"Unknown","Flexcon or Challenger Series","PC366R","No","No","N/A",,"N/A","N/A","N/A","Other_2","Other"
"Appliance_00022624","SITE_01067","Room_00015614","Well Pump","N/A",,"N/A","No",,"Unknown","Unknown","Unknown","Unknown","No","N/A","No",,"Unknown","Unknown","90 feet deep, 25 gpm","Outside_2","Outside"
"Appliance_00007655","SITE_01075","Room_00015696","Large Unusual Load","Sauna",1,,"No",,"Unknown","Unknown","Saunatec","Unknown","No","No","N/A",,"N/A","N/A","6.5kWRoom currently used for storage","Other_1","Other"
"Appliance_00007684","SITE_01077","Room_00015719","Large Unusual Load","Treadmill",1,,"No",,"Unknown","Unknown","Pro-Form","Power 935","Unknown","No","N/A",,"N/A","N/A","N/A","Bedroom_1","Bedroom"
"Appliance_00007656","SITE_01079","Room_00015745","Large Unusual Load","Aquarium",1,,"No",,"Unknown","Unknown","Aqueon","Unknown","No","No","N/A",,"N/A","N/A","15 gallon tank w/ filter","Living Room_1","Living Room"
"Appliance_00007663","SITE_01082","Room_00015785","Large Unusual Load","Water Feature",1,,"No",,"Unknown","Unknown","Unknown","Unknown","No","No","N/A",,"N/A","N/A","20 gallon fish tank with water heater, light (included in lighting)and filter","Living Room_3","Living Room"
"Appliance_00007664","SITE_01082","Room_00015786","Large Unusual Load","Water Feature",1,,"No",,"Unknown","Unknown","Drinkwell","Platinum","No","No","N/A",,"N/A","N/A","Cat water feature","Hall_8","Hall"
"Appliance_00007693","SITE_01088","Room_00015897","Large Unusual Load","Central Vac",1,,"No",,"Unknown","10640317281","Beam","2725","Unknown","No","N/A",,"N/A","N/A","Garage only connected to main home by open breezeway.  Vacuum connected to main home through roof over breezeway","Garage_2","Garage"
"Appliance_00007681","SITE_01093","Room_00015996","Large Unusual Load","Treadmill",1,,"No",,"Unknown","Unknown","Precor","Unknown","Unknown","No","N/A",,"N/A","N/A","N/A","Living Room_2","Living Room"
"Appliance_00007644","SITE_01098","Room_00016082","Large Unusual Load","Hot Tub",1,,"No",,"Unknown","P4H108USQ16","Bestway","#54149E","Unknown","No","N/A",,"N/A","N/A","N/A","Outside_2","Outside"
"Appliance_00007645","SITE_01098","Room_00016082","Large Unusual Load","Pool Pump",1,,"No",,"Unknown","10921","Sta-rite","P2RA50-120L","Unknown","No","N/A",,"N/A","N/A","N/A","Outside_2","Outside"
"Appliance_00007729","SITE_01136","Room_00016483","Large Unusual Load","Sunlight",1,,"No",,"Unknown","F4040052711055489","NatureBright","F4040","Unknown","No","N/A",,"N/A","N/A","N/A","Living Room_3","Living Room"
"Appliance_00007691","SITE_01150","Room_00016621","Large Unusual Load","Aquarium",1,,"No",,"Unknown","Unknown","Unknown","Unknown","No","No","N/A",,"N/A","N/A","N/A","Living Room_1","Living Room"
"Appliance_00007763","SITE_01191","Room_00016958","Large Unusual Load","Air Purifier",1,,"No",,"Unknown","Unknown","Honeywell","50250","No","No","N/A",,"N/A","N/A","N/A","Bedroom_1","Bedroom"
"Appliance_00007764","SITE_01191","Room_00016958","Large Unusual Load","Air Purifier",1,,"Yes",2009,,"Unknown","Peronist","Fz10-8h","No","No","N/A",,"N/A","N/A","N/A","Bedroom_1","Bedroom"
"Appliance_00007690","SITE_01195","Room_00017031","Large Unusual Load","Freshwater Pump (I.E. House Supply)",1,,"No",,"Unknown","Unknown","Unknown","Unknown","No","No","N/A",,"N/A","N/A","N/A","Living Room_1","Living Room"
"Appliance_00007696","SITE_01198","Room_00017059","Large Unusual Load","Mitre Saw",1,,"No",,"Unknown","Unknown","Craftsman","Unknown","No","No","N/A",,"N/A","N/A","N/A","Mechanical_2","Mechanical"
"Appliance_00007760","SITE_01202","Room_00017131","Large Unusual Load","T Shirt Iron On Press",1,,"No",,"Unknown","Unknown","Power heat press","Qxa1","No","No","N/A",,"N/A","N/A","1800 watt","Bedroom_3","Bedroom"
"Appliance_00007694","SITE_01206","Room_00017185","Large Unusual Load","Treadmill",1,,"No",,"Unknown","Unknown","Precor","Unknown","No","No","N/A",,"N/A","N/A","N/A","Bedroom_2","Bedroom"
"Appliance_00007742","SITE_01219","Room_00017397","Large Unusual Load","Trash Compactor",1,,"No",,"Unknown","D94558015","Kenmore","6651398581","No","No","N/A",,"N/A","N/A","N/A","Kitchen_1","Kitchen"
"Appliance_00022643","SITE_01221","Room_00017416","Well Pump","N/A",,"N/A","No",,"Unknown","Unknown","Unknown","Unknown","No","N/A","Unknown",,"Unknown","Unknown","Cannot access pump itself, only nameplate is for cover of electrical component","Outside_2","Outside"
"Appliance_00022655","SITE_01224","Room_00017462","Well Pump","N/A",,"N/A","No",,"Unknown","Unknown","Unknown","Unknown","Unknown","N/A","No",,"Unknown","Unknown","N/A","Outside_2","Outside"
"Appliance_00007797","SITE_01259","Room_00017733","Large Unusual Load","Kegerator",1,,"No",,"Unknown","Unknown","Unknown","Unknown","Unknown","Unknown","N/A",,"N/A","N/A","custom kegerator","Garage_2","Garage"
"Appliance_00007795","SITE_01293","Room_00018026","Large Unusual Load","Oxygen Machine",1,,"No",,"Unknown","610015","Invacare","Platinum XL","Unknown","No","N/A",,"N/A","N/A","Medical device","Living Room_1","Living Room"
"Appliance_00007796","SITE_01300","Room_00018113","Large Unusual Load","Aquarium",1,,"No",,"Unknown","Unknown","Marineland","Unknown","Unknown","No","N/A",,"N/A","N/A","N/A","Living Room_1","Living Room"
"Appliance_00007798","SITE_01313","Room_00018290","Large Unusual Load","Pool Pump",1,,"Yes",2014,,"Unknown","Intex","673R","Unknown","No","N/A",,"N/A","N/A","N/A","Outside_2","Outside"
"Appliance_00007781","SITE_01327","Room_00018473","Large Unusual Load","Kiln (Electric)",1,,"No",,"Unknown","009135","Skutt Electric Kiln","KM-1227","Unknown","No","N/A",,"N/A","N/A","N/A","Garage_1","Garage"
"Appliance_00007782","SITE_01327","Room_00018473","Large Unusual Load","Kiln (Electric)",1,,"No",,"Unknown","Unknown","Unknown","Unknown","Unknown","No","N/A",,"N/A","N/A","N/A","Garage_1","Garage"
"Appliance_00007787","SITE_01340","Room_00018654","Large Unusual Load","Wood Working Tools",1,,"No",,"Unknown","Unknown","Delta","Unknown","No","No","N/A",,"N/A","N/A","N/A","Garage_2","Garage"
"Appliance_00007788","SITE_01340","Room_00018654","Large Unusual Load","Wood Working Tools",1,,"No",,"Unknown","Unknown","Hitachi","Unknown","No","No","N/A",,"N/A","N/A","N/A","Garage_2","Garage"
"Appliance_00007789","SITE_01340","Room_00018654","Large Unusual Load","Wood Working Tools",1,,"No",,"Unknown","Unknown","Delta","Unknown","No","No","N/A",,"N/A","N/A","N/A","Garage_2","Garage"
"Appliance_00007790","SITE_01340","Room_00018654","Large Unusual Load","Wood Working Tools",1,,"No",,"Unknown","Unknown","Unknown","Unknown","No","No","N/A",,"N/A","N/A","N/A","Garage_2","Garage"
"Appliance_00007791","SITE_01340","Room_00018654","Large Unusual Load","Wood Working Tools",1,,"No",,"Unknown","Unknown","Jet","JJ-6CSX","No","No","N/A",,"N/A","N/A","N/A","Garage_2","Garage"
"Appliance_00007792","SITE_01340","Room_00018654","Large Unusual Load","Air Purifier",1,,"No",,"Unknown","Unknown","Jet","Unknown","No","No","N/A",,"N/A","N/A","N/A","Garage_2","Garage"
"Appliance_00007793","SITE_01340","Room_00018653","Large Unusual Load","Hot Tub",1,,"No",,"Unknown","PF 0806279156","Waterway","PF-15-2N22C 4","No","No","N/A",,"N/A","N/A","N/A","Outside_2","Outside"
"Appliance_00007794","SITE_01340","Room_00018653","Large Unusual Load","Hot Tub",1,,"Yes",2017,,"Unknown","ACC","SMTD 1500-W/S","Unknown","No","N/A",,"N/A","N/A","N/A","Outside_2","Outside"
"Appliance_00022652","SITE_01340","Room_00018652","Well Pump","N/A",,"N/A","No",,"Unknown","Unknown","Franklin Electric","2801074915","No","N/A","No",0.75000,,"HP","N/A","Other_2","Other"
"Appliance_00007784","SITE_01341","Room_00018655","Large Unusual Load","Pool Pump",1,,"No",,"Unknown","05216CH","Hayward","SP1510Z1XBC","No","No","N/A",,"N/A","N/A","N/A","Outside_2","Outside"
"Appliance_00022653","SITE_01348","Room_00018760","Well Pump","N/A",,"N/A","No",,"Unknown","Unknown","Unknown","Unknown","Unknown","N/A","Unknown",,"Unknown","Unknown","Homeowner says heat pump was disconnected and is not in use.","Garage_2","Garage"
"Appliance_00022654","SITE_01357","Room_00018859","Well Pump","N/A",,"N/A","No",,"Unknown","PID20","Pentair","176L8222","No","N/A","Yes",2.00000,,"HP","N/A","Outside_2","Outside"
"Appliance_00007617","SITE_01364","Room_00004074","Large Unusual Load","Generator",1,,"Yes",2013,,"Unknown","Generator Set","Jfmamjjasond","No","No","N/A",,"N/A","N/A","N/A","Outside_2","Outside"
"Appliance_00007618","SITE_01389","Room_00004375","Large Unusual Load","Electric Piano",1,,"No",,"Unknown","Unknown","Baldwin","Unknown","No","No","N/A",,"N/A","N/A","N/A","Living Room_1","Living Room"
"Appliance_00007619","SITE_01416","Room_00004695","Large Unusual Load","Treadmill",1,,"No",,"Unknown","Unknown","Healthrider","H450i","No","No","N/A",,"N/A","N/A","N/A","Bedroom_2","Bedroom"
"Appliance_00007620","SITE_01420","Room_00004757","Large Unusual Load","Kiln (Electric)",1,,"No",,"Unknown","Unknown","General radio company","W5","No","No","N/A",,"N/A","N/A","Resistance heater for metal treating experiments. Up to 670W","Garage_2","Garage"
"Appliance_00007621","SITE_01420","Room_00004757","Large Unusual Load","Generator",1,,"No",,"Unknown","09241000176","Chicago","Unknown","No","No","N/A",,"N/A","N/A","5500W gas generator. Needs repair","Garage_2","Garage"
"Appliance_00007622","SITE_01420","Room_00004757","Large Unusual Load","Battery Backup",1,,"No",,"Unknown","372091338","Cen-tech","69712","No","No","N/A",,"N/A","N/A","Battery backup for freezer. 3000W inverter, 45A Boondocker charge controller, 114Ah battery","Garage_2","Garage"
"Appliance_00007623","SITE_01422","Room_00004786","Large Unusual Load","Elevator",1,,"Yes",2001,,"Unknown","Destiny","Az895480","Unknown","No","N/A",,"N/A","N/A","N/A","Garage_1","Garage"
"Appliance_00007624","SITE_01423","Room_00004806","Large Unusual Load","Convection",1,,"Yes",2013,,"Unknown","Kenmore","790.80372310","Yes","No","N/A",,"N/A","N/A","N/A","Kitchen_1","Kitchen"
"Appliance_00007625","SITE_01432","Room_00004944","Large Unusual Load","Gas Stove",1,,"No",,"Unknown","7125","Unknown","2500","Unknown","No","N/A",,"N/A","N/A","N/A","Basement_1","Basement"
"Appliance_00007626","SITE_01434","Room_00004987","Large Unusual Load","Microwave",1,,"Yes",2013,,"Unknown","Whirlpool","Unknown","Yes","No","N/A",,"N/A","N/A","N/A","Kitchen_1","Kitchen"
"Appliance_00007627","SITE_01436","Room_00005029","Large Unusual Load","Freshwater Pump (I.E. House Supply)",1,,"No",,"Unknown","Unknown","Unknown","Unknown","No","No","N/A",,"N/A","N/A","Heat lamp unknown and circulation pump","Family Room_2","Family Room"
"Appliance_00007628","SITE_01440","Room_00005104","Large Unusual Load","Gas Fireplace",1,,"No",,"Unknown","Unknown","Regency","Unknown","No","No","N/A",,"N/A","N/A","Converted garage slab on grade this is primary heat source","Dining Room_1","Dining Room"
"Appliance_00007629","SITE_01453","Room_00005299","Large Unusual Load","Oxygen Machine",1,,"No",,"Unknown","Unknown","Hepa","260","No","No","N/A",,"N/A","N/A","N/A","Closet_2","Closet"
"Appliance_00007630","SITE_01466","Room_00005526","Large Unusual Load","Central Vac",1,,"No",,"Unknown","107153433965","Beam","Sc325a","Unknown","No","N/A",,"N/A","N/A","N/A","Garage_2","Garage"
"Appliance_00007631","SITE_01469","Room_00005574","Large Unusual Load","Window Ac",1,,"No",,"Unknown","Unknown","Kelvinator","Unknown","Unknown","No","N/A",,"N/A","N/A","N/A","Bedroom_1","Bedroom"
"Appliance_00007632","SITE_01473","Room_00005622","Large Unusual Load","Electric Organ",3,,"No",,"Unknown","Unknown","Thomas","Unknown","No","No","N/A",,"N/A","N/A","N/A","Family Room_1","Family Room"
"Appliance_00007633","SITE_01476","Room_00005673","Large Unusual Load","Electric Piano",1,,"No",,"Unknown","Unknown","Roland","HP2700","No","No","N/A",,"N/A","N/A","Electric Piano","Dining Room_1","Dining Room"
"Appliance_00007634","SITE_01476","Room_00005679","Large Unusual Load","Stationary Bike",1,,"No",,"Unknown","Unknown","Tectrix","BikeMax-R","No","No","N/A",,"N/A","N/A","N/A","Living Room_1","Living Room"
"Appliance_00007635","SITE_01478","Room_00005722","Large Unusual Load","Water Feature",1,,"No",,"Unknown","Unknown","Unknown","Unknown","Unknown","Unknown","N/A",,"N/A","N/A","Client has 2 of the same pumps for his water fountains.","Outside_2","Outside"
"Appliance_00007636","SITE_01478","Room_00005711","Large Unusual Load","Unknown",1,,"Yes",1995,,"Unknown","Legacy","777cd","No","No","N/A",,"N/A","N/A","496 cd-a  two 40 watt each. Two doors and openers","Garage_1","Garage"
"Appliance_00007637","SITE_01490","Room_00005882","Large Unusual Load","Air Purifier",1,,"No",,"Unknown","Unknown","Pure Star","Xj300d","No","No","N/A",,"N/A","N/A","N/A","Bedroom_6","Bedroom"
"Appliance_00007638","SITE_01494","Room_00005948","Large Unusual Load","Vacuum Robot",1,,"No",,"Unknown","Unknown","Neato","Unknown","Unknown","No","N/A",,"N/A","N/A","N/A","Living Room_1","Living Room"
"Appliance_00007639","SITE_01497","Room_00005991","Large Unusual Load","Heater",2,,"No",,"Unknown","Unknown","Honeywell","Hay-047B","Unknown","No","N/A",,"N/A","N/A","Same unit in two bdrms","Bedroom_1","Bedroom"
"Appliance_00007640","SITE_01497","Room_00005986","Large Unusual Load","Central Vac",2,,"No",,"Unknown","10430356798","Beam","290","Yes","No","N/A",,"N/A","N/A","N/A","Basement_2","Basement"
"Appliance_00007732","SITE_01570","Room_00019362","Large Unusual Load","Projector",1,,"No",,"Unknown","Unknown","Panasonic","Unknown","No","No","N/A",,"N/A","N/A","N/A","Other_1","Other"
"Appliance_00007650","SITE_01574","Room_00019415","Large Unusual Load","Treadmill",1,,"No",,"Unknown","Unknown","Pro-Form","375E","No","No","N/A",,"N/A","N/A","N/A","Family Room_1","Family Room"
"Appliance_00007657","SITE_01580","Room_00019528","Large Unusual Load","Mitre Saw",1,,"No",,"Unknown","Unknown","Ridgid","Unknown","No","No","N/A",,"N/A","N/A","N/A","Basement_1","Basement"
"Appliance_00007658","SITE_01580","Room_00019528","Large Unusual Load","Bench Grinder",1,,"No",,"Unknown","Unknown","Craftsman","Unknown","No","No","N/A",,"N/A","N/A","N/A","Basement_1","Basement"
"Appliance_00007659","SITE_01580","Room_00019528","Large Unusual Load","Dust Collector",1,,"No",,"Unknown","Unknown","Unknown","Unknown","No","No","N/A",,"N/A","N/A","N/A","Basement_1","Basement"
"Appliance_00007660","SITE_01580","Room_00019528","Large Unusual Load","Table Saw",1,,"No",,"Unknown","Unknown","Star Machinery","Unknown","No","No","N/A",,"N/A","N/A","N/A","Basement_1","Basement"
"Appliance_00007661","SITE_01580","Room_00019528","Large Unusual Load","Planer",1,,"No",,"Unknown","Unknown","Unknown","Unknown","No","No","N/A",,"N/A","N/A","N/A","Basement_1","Basement"
"Appliance_00007692","SITE_01597","Room_00019757","Large Unusual Load","Keyboard",1,,"No",,"Unknown","Unknown","Korg","SP-250","No","No","N/A",,"N/A","N/A","N/A","Office_2","Office"
"Appliance_00007687","SITE_01600","Room_00019796","Large Unusual Load","Elevator",1,,"No",,"Unknown","143398","National Wheel-O-Vator","OH10","Unknown","Unknown","N/A",,"N/A","N/A","2010","Basement_2","Basement"
"Appliance_00007674","SITE_01604","Room_00019856","Large Unusual Load","Water Feature",1,,"No",,"Unknown","Unknown","Whisper","Unknown","No","No","N/A",,"N/A","N/A","10 gallon fish tank with filter","Bedroom_2","Bedroom"
"Appliance_00007676","SITE_01609","Room_00019950","Large Unusual Load","Sauna",1,,"No",,"Unknown","Unknown","Unknown","Unknown","Unknown","No","N/A",,"N/A","N/A","Could not locate nameplate","Bathroom_2","Bathroom"
"Appliance_00007677","SITE_01613","Room_00020009","Large Unusual Load","Sauna",1,,"No",,"Unknown","Unknown","Unknown","Unknown","Unknown","No","N/A",,"N/A","N/A","N/A","Bedroom_2","Bedroom"
"Appliance_00007643","SITE_01616","Room_00020043","Large Unusual Load","Submersible Pump",1,,"No",,"Unknown","Unknown","Superior Pump","92341","Unknown","No","N/A",,"N/A","N/A","Used to pump water out of the basement to the outside","Basement_2","Basement"
"Appliance_00007689","SITE_01631","Room_00020238","Large Unusual Load","Air Compressor",1,,"No",,"Unknown","050100001325","Renegade","T-200ST-A","No","No","N/A",,"N/A","N/A","N/A","Bedroom_2","Bedroom"
"Appliance_00007688","SITE_01637","Room_00020312","Large Unusual Load","Air Compressor",1,,"No",,"Unknown","0711 000432","Alltrade","835533","Unknown","No","N/A",,"N/A","N/A","N/A","Basement_2","Basement"
"Appliance_00007641","SITE_01662","Room_00020589","Large Unusual Load","Tanning Bed",1,,"No",,"Unknown","Unknown","Esb","Unknown","No","No","N/A",,"N/A","N/A","N/A","Bedroom_1","Bedroom"
"Appliance_00007686","SITE_01663","Room_00020601","Large Unusual Load","Sauna",1,,"No",,"Unknown","S138773","Unknown","Unknown","Unknown","No","N/A",,"N/A","N/A","Uses 1-2 times per week","Outside_2","Outside"
"Appliance_00007683","SITE_01679","Room_00020797","Large Unusual Load","Heated Waterbed",1,,"No",,"Unknown","Unknown","Quantum","Unknown","No","No","N/A",,"N/A","N/A","N/A","Bedroom_1","Bedroom"
"Appliance_00022641","SITE_01703","Room_00021059","Well Pump","N/A",,"N/A","No",,"Unknown","161947T","Grundfos","96440349","Unknown","N/A","Unknown",1.00000,,"kW","N/A","Basement_2","Basement"
"Appliance_00022625","SITE_01706","Room_00021082","Well Pump","N/A",,"N/A","No",,"Unknown","7209871","Berkeley pump co.","4am15","No","N/A","No",,"Unknown","Unknown","42 gallon pressure tank, too.","Outside_2","Outside"
"Appliance_00007654","SITE_01809","Room_00021980","Large Unusual Load","Sauna",1,,"No",,"Unknown","Unknown","Unknown","Unknown","No","No","N/A",,"N/A","N/A","Not in use. Currently filled with boxes in storage","Bathroom_1","Bathroom"
"Appliance_00007715","SITE_01824","Room_00022123","Large Unusual Load","Kiln (Electric)",1,,"No",,"Unknown","0203DD","Cress","E2418","No","No","N/A",,"N/A","N/A","Not currently plugged in. Plugged in when used, however.","Other_2","Other"
"Appliance_00007716","SITE_01824","Room_00022123","Large Unusual Load","Kiln (Electric)",1,,"No",,"Unknown","9906","Cress","Ftx911m","No","No","N/A",,"N/A","N/A","N/A","Other_2","Other"
"Appliance_00007717","SITE_01824","Room_00022123","Large Unusual Load","Ham Radio",1,,"No",,"Unknown","Unknown","Kenwood","Unknown","No","No","N/A",,"N/A","N/A","N/A","Other_2","Other"
"Appliance_00022636","SITE_01839","Room_00022326","Well Pump","N/A",,"N/A","No",,"Unknown","Unknown","Unknown","Unknown","Unknown","N/A","No",,"Unknown","Unknown","N/A","Crawl Space_2","Crawl Space"
"Appliance_00007718","SITE_01843","Room_00022373","Large Unusual Load","Work Out Equipment",1,,"No",,"Unknown","Unknown","Unknown","Unknown","Unknown","No","N/A",,"N/A","N/A","N/A","Bedroom_2","Bedroom"
"Appliance_00007719","SITE_01843","Room_00022373","Large Unusual Load","Work Out Equipment",1,,"No",,"Unknown","Unknown","Unknown","Unknown","Unknown","No","N/A",,"N/A","N/A","N/A","Bedroom_2","Bedroom"
"Appliance_00022637","SITE_01844","Room_00022381","Well Pump","N/A",,"N/A","No",,"Unknown","Unknown","Amtrol","Wx-203","No","N/A","No",,"Unknown","Unknown","N/A","Other_2","Other"
"Appliance_00022638","SITE_01846","Room_00022424","Well Pump","N/A",,"N/A","Yes",2011,,"N/A","Franklin Electric","10fa05s4-3w230","No","N/A","Unknown",0.50000,,"HP","N/A","Outside_2","Outside"
"Appliance_00007720","SITE_01846","Room_00022425","Large Unusual Load","Welder (Electric)",1,,"No",,"Unknown","Unknown","Unknown","Unknown","Unknown","No","N/A",,"N/A","N/A","N/A","Other_2","Other"
"Appliance_00007786","SITE_01863","Room_00022628","Large Unusual Load","Circulation Fan",1,,"No",,"Unknown","Unknown","Unknown","Unknown","Unknown","No","N/A",,"N/A","N/A","N/A","Living Room_1","Living Room"
"Appliance_00007783","SITE_01865","Room_00022650","Large Unusual Load","Trash Compactor",1,,"No",,"Unknown","Unknown","Sears","Unknown","Unknown","No","N/A",,"N/A","N/A","N/A","Laundry_1","Laundry"
"Appliance_00007785","SITE_01871","Room_00022721","Large Unusual Load","Treadmill",1,,"No",,"Unknown","Unknown","Pro-Form","490 C","Unknown","No","N/A",,"N/A","N/A","N/A","Family Room_1","Family Room"
"Appliance_00007666","SITE_01891","Room_00022903","Large Unusual Load","Whole House Vacuum",1,,"No",,"Unknown","60971184P","Vacu-Maid","P-125","Unknown","No","N/A",,"N/A","N/A","N/A","Outside_2","Outside"
"Appliance_00007667","SITE_01893","Room_00022933","Large Unusual Load","Sauna",1,,"No",,"Unknown","A 41080-27","FinnLeo","FLH 45","No","No","N/A",,"N/A","N/A","N/A","Closet_1","Closet"
"Appliance_00007675","SITE_01904","Room_00023088","Large Unusual Load","Rv Plugged In",1,,"No",,"Unknown","Unknown","Keystone","Outback super-lite","No","No","N/A",,"N/A","N/A","N/A","Outside_2","Outside"
"Appliance_00007665","SITE_01920","Room_00023324","Large Unusual Load","Printer",1,,"No",,"Unknown","Unknown","KIP","KIP 3000","Unknown","No","N/A",,"N/A","N/A","N/A","Office_1","Office"
"Appliance_00022627","SITE_01929","Room_00023462","Well Pump","N/A",,"N/A","No",,"Unknown","Unknown","Franklin Electric","2801074915","No","N/A","Unknown",,"Unknown","Unknown","N/A","Crawl Space_2","Crawl Space"
"Appliance_00007721","SITE_01948","Room_00023731","Large Unusual Load","Sunlight",1,,"No",,"Unknown","Unknown","Alaskan Northern Lights","Northstar 10000","Unknown","No","N/A",,"N/A","N/A","N/A","Bedroom_8","Bedroom"
"Appliance_00007722","SITE_01963","Room_00023921","Large Unusual Load","Electric Fence",1,,"No",,"Unknown","001017000403","BullDozer","4465-D economy solid state","No","No","N/A",,"N/A","N/A","N/A","Other_1","Other"
"Appliance_00007700","SITE_01982","Room_00024203","Large Unusual Load","Well Pump",1,,"No",,"Unknown","Unknown","Sta-rite","Unknown","Unknown","No","N/A",,"N/A","N/A","This is controller for well pump, pump itself inaccessible","Garage_2","Garage"
"Appliance_00007723","SITE_01984","Room_00024229","Large Unusual Load","Treadmill",1,,"No",,"Unknown","Unknown","Pro-Form","505cst","Unknown","No","N/A",,"N/A","N/A","N/A","Bedroom_1","Bedroom"
"Appliance_00007678","SITE_01989","Room_00024297","Large Unusual Load","Septic Pump",1,,"Yes",2006,,"Unknown","Water Ace","94M1 SUMP PUMP","No","No","N/A",,"N/A","N/A","Serves only washer and sink in laundry","Basement_1","Basement"
"Appliance_00022639","SITE_01993","Room_00024357","Well Pump","N/A",,"N/A","No",,"Unknown","Unknown","Unknown","Unknown","Unknown","N/A","Unknown",,"Unknown","Unknown","N/A","Outside_2","Outside"
"Appliance_00007682","SITE_01997","Room_00024422","Large Unusual Load","Treadmill",1,,"No",,"Unknown","L7-3094","Landice","L7","Unknown","No","N/A",,"N/A","N/A","N/A","Living Room_1","Living Room"
"Appliance_00007731","SITE_02000","Room_00024470","Large Unusual Load","Water Feature",1,,"No",,"Unknown","Unknown","Unknown","Unknown","Unknown","No","N/A",,"N/A","N/A","Aquarium with heater and pump/filter","Dining Room_1","Dining Room"
"Appliance_00007730","SITE_02002","Room_00024506","Large Unusual Load","Garbage Compactor",1,,"No",,"Unknown","Unknown","Whirlpool","Unknown","No","No","N/A",,"N/A","N/A","No label","Kitchen_1","Kitchen"
"Appliance_00007724","SITE_02004","Room_00024538","Large Unusual Load","Water Distiller",1,,"No",,"Unknown","LMG2 0700495","LifeMist","Lm g2 head","No","No","N/A",,"N/A","N/A","N/A","Outside_2","Outside"
"Appliance_00007685","SITE_02011","Room_00024640","Large Unusual Load","Sauna",1,,"No",,"Unknown","Unknown","Amerec","Metos w7","No","No","N/A",,"N/A","N/A","N/A","Other_1","Other"
"Appliance_00007642","SITE_02014","Room_00024690","Large Unusual Load","Sauna",1,,"No",,"Unknown","Unknown","Far","Unknown","No","No","N/A",,"N/A","N/A","N/A","Bedroom_3","Bedroom"
"Appliance_00007662","SITE_02023","Room_00024831","Large Unusual Load","Water Feature",1,,"No",,"Unknown","Unknown","Unknown","Unknown","No","No","N/A",,"N/A","N/A","Electric water feature for animal water supply","Bedroom_2","Bedroom"
"Appliance_00022640","SITE_02033","Room_00024966","Well Pump","N/A",,"N/A","No",,"Unknown","Unknown","Unknown","Unknown","Unknown","N/A","Unknown",,"Unknown","Unknown","N/A","Outside_2","Outside"
"Appliance_00007725","SITE_02035","Room_00024994","Large Unusual Load","Rv",1,,"No",,"Unknown","Unknown","R pod","Hood river edition","Unknown","No","N/A",,"N/A","N/A","RV plugged into outbuilding","Other_2","Other"
"Appliance_00007726","SITE_02035","Room_00024999","Large Unusual Load","Central Vac",1,,"No",,"Unknown","Unknown","Silent master","Unknown","No","No","N/A",,"N/A","N/A","N/A","Mechanical_2","Mechanical"
"Appliance_00007727","SITE_02035","Room_00024999","Large Unusual Load","Well Pump",1,,"No",,"Unknown","Unknown","Well-Rite: flexcon industries","Unknown","No","No","N/A",,"N/A","N/A","N/A","Mechanical_2","Mechanical"
"Appliance_00007728","SITE_02035","Room_00024993","Large Unusual Load","Water Feature",1,,"No",,"Unknown","Unknown","Unknown","Unknown","No","No","N/A",,"N/A","N/A","Large water fall feature. Currently turned off","Outside_2","Outside"
"Appliance_00007701","SITE_02040","Room_00025095","Large Unusual Load","Automatic Litter Box",1,,"No",,"Unknown","Unknown","CatGenie","Unknown","No","No","N/A",,"N/A","N/A","Has pump, heater, motor to run scoop","Laundry_1","Laundry"
"Appliance_00007679","SITE_02046","Room_00025167","Large Unusual Load","Hot Tub",1,,"Yes",2005,,"Unknown","Phoenix Spas","5010 DE 20","Unknown","No","N/A",,"N/A","N/A","N/A","Outside_2","Outside"
"Appliance_00007775","SITE_02054","Room_00025287","Large Unusual Load","Treadmill",1,,"No",,"Unknown","Unknown","Unknown","Unknown","Unknown","No","N/A",,"N/A","N/A","N/A","Family Room_1","Family Room"
"Appliance_00007776","SITE_02055","Room_00025294","Large Unusual Load","Stand Up Fan",2,,"No",,"Unknown","Unknown","Unknown","Unknown","Unknown","No","N/A",,"N/A","N/A","N/A","Hall_1","Hall"
"Appliance_00007777","SITE_02055","Room_00025301","Large Unusual Load","Stand Up Fan",1,,"No",,"Unknown","Unknown","Bonaire","Bt410rc","Unknown","No","N/A",,"N/A","N/A","N/A","Bedroom_3","Bedroom"
"Appliance_00007774","SITE_02059","Room_00025365","Large Unusual Load","Wine Refrigeration System",1,,"No",,"Unknown","NO2319","Nfinity","120-m91","Unknown","No","N/A",,"N/A","N/A","manufactured 2013","Other_1","Other"
